time_s,speed_kmh,motor_temp_c,battery_temp_c,controller_temp_c,smoke_ppm,obstacle_distance_m,road_friction,driver_fatigue,driver_attention,autopilot_confidence,takeover_time_s,efficiency_score,brake_margin_m,stopping_distance_m,thermal_risk,smoke_risk,speed_risk,brake_risk,takeover_risk,efficiency_risk,weighted_risk,max_risk,health_score,level
0.0,43.4266,58.1106,43.7146,50.9993,1.8247,62.77,0.7686,18.636,85.9762,90.1346,2.6771,93.445,50.1047,12.6653,0.0,7.2988,5.2028,0.0,1.4819,6.555,3.0449,7.2988,96.3712,NORMAL
1.0,42.2228,57.0931,42.0885,50.166,2.0386,57.3009,0.7148,16.6358,82.3013,91.4259,2.5874,92.1958,44.5598,12.7411,0.0,8.1543,17.3208,0.0,0.0,7.8042,4.9208,17.3208,93.6935,NORMAL
2.0,45.4025,57.4827,43.6912,50.9328,2.258,60.7466,0.8007,18.1585,83.5928,91.8699,2.6013,93.3149,47.4687,13.2779,0.0,9.0319,12.5256,0.0,0.0248,6.6851,4.2204,12.5256,94.7775,NORMAL
3.0,46.3305,56.5172,42.0853,49.7584,3.0528,65.6462,0.8163,17.3926,79.1204,94.4491,2.5738,92.0383,52.0874,13.5588,0.0,12.2112,7.3965,0.0,0.0,7.9617,4.1408,12.2112,94.8823,NORMAL
4.0,42.9274,57.3259,42.3435,50.2244,2.2122,62.9323,0.8157,23.4162,80.6822,90.9127,3.0616,93.4215,51.0667,11.8655,0.0,8.8489,27.3442,0.0,8.8773,6.5785,7.8157,27.3442,89.9967,NORMAL
5.0,44.4588,58.0597,42.6107,50.2269,2.7881,62.6734,0.7795,18.8415,85.2835,93.3042,2.4841,94.6878,49.614,13.0594,0.0,11.1524,14.9039,0.0,0.0,5.3122,4.7689,14.9039,94.0387,NORMAL
6.0,47.0569,59.5512,45.1988,49.5746,2.2578,68.8474,0.7679,22.3153,85.1024,93.9673,2.432,91.3819,54.2388,14.6086,0.0,9.031,11.4348,0.0,0.0,8.6181,4.2847,11.4348,94.8005,NORMAL
7.0,46.9995,60.7491,43.16,51.1409,2.6116,61.9345,0.8041,19.0374,81.8651,91.2979,2.4392,91.1713,47.8672,14.0674,0.0,10.4463,0.4202,0.0,0.0,8.8287,2.8983,10.4463,96.2659,NORMAL
8.0,47.947,57.1227,41.8131,51.1971,2.4364,63.1093,0.8125,20.1509,86.6922,91.0426,2.3938,92.2015,48.6522,14.4571,0.0,9.7455,6.3913,0.0,0.0,7.7985,3.5513,9.7455,95.6691,NORMAL
9.0,47.2646,59.3495,43.3774,51.2083,2.8929,66.5605,0.7938,17.193,80.2319,90.7055,2.7119,90.669,52.2105,14.35,0.0,11.5715,5.1198,0.0,2.1512,9.331,4.199,11.5715,94.8752,NORMAL
10.0,50.1351,57.726,42.2351,52.2194,2.2593,67.5149,0.7293,19.1448,80.2163,90.9913,2.7363,88.2712,50.4793,17.0356,0.0,9.0373,20.1345,0.0,2.6211,11.7288,6.3834,20.1345,92.0059,NORMAL
11.0,50.3917,59.6406,42.1753,52.1994,1.7924,68.2438,0.7614,20.663,85.4505,93.3142,2.6004,92.7345,51.6278,16.6159,0.0,7.1694,9.8658,0.0,0.0075,7.2655,3.5717,9.8658,95.639,NORMAL
12.0,49.7455,59.0095,43.4888,50.4424,1.8781,69.8932,0.7663,23.6167,87.0943,92.0488,2.7791,91.6976,53.7384,16.1548,0.0,7.5125,6.9402,0.0,3.4436,8.3024,3.8654,8.3024,95.4704,NORMAL
13.0,51.5311,57.0652,42.7538,51.2576,2.2607,68.1528,0.6966,21.0912,84.622,91.9732,2.5062,93.8928,49.5824,18.5705,0.0,9.0426,18.4512,0.0,0.0,6.1072,5.0378,18.4512,93.4861,NORMAL
14.0,50.8559,60.4714,43.031,50.3278,1.9379,69.4153,0.7627,23.6168,81.9599,89.3232,3.2583,88.3461,52.5484,16.8669,0.0,7.7517,9.2154,0.0,12.6589,11.6539,6.124,12.6589,92.8633,NORMAL
15.0,49.1947,58.7261,42.847,51.0414,2.6846,67.5514,0.8146,22.3327,76.0347,89.4744,3.0217,92.4536,52.4517,15.0996,0.0,10.7384,8.8072,0.0,8.1092,7.5464,5.3496,10.7384,93.7913,NORMAL
16.0,51.0582,58.9056,43.1911,50.4847,2.2904,68.8903,0.7634,24.5075,75.6395,95.783,2.895,90.6855,51.9153,16.975,0.0,9.1616,12.6099,0.0,5.6739,9.3145,5.4745,12.6099,93.5167,NORMAL
17.0,49.2923,58.3562,43.3242,52.7706,3.5686,69.3887,0.7862,21.3357,83.4272,90.8593,2.8388,92.7824,53.8122,15.5765,0.0,14.2743,10.1494,0.0,4.592,7.2176,5.5499,14.2743,93.3082,NORMAL
18.0,51.9072,58.948,41.2516,51.5801,1.718,70.0657,0.7453,26.435,79.8231,90.0725,2.7094,90.4229,52.2442,17.8215,0.0,6.8721,18.2131,0.0,2.1041,9.5771,5.3861,18.2131,93.1568,NORMAL
19.0,50.6018,60.3392,43.6475,51.0638,2.5916,72.0822,0.7355,20.8841,79.9112,94.292,2.5516,90.4273,54.876,17.2062,0.0,10.3665,6.3656,0.0,0.0,9.5727,3.8659,10.3665,95.3048,NORMAL
20.0,50.3612,59.6906,42.2161,52.5406,1.9924,71.7635,0.7469,20.5218,83.5774,92.1253,2.8661,91.6678,54.9118,16.8517,0.0,7.9697,1.5472,0.0,5.1173,8.3322,3.4056,8.3322,95.9279,NORMAL
21.0,49.572,60.4034,41.8538,49.2412,2.278,70.553,0.7088,19.8341,84.0151,92.6552,2.2048,90.0188,53.4762,17.0769,0.0,9.1119,6.3753,0.0,0.0,9.9812,3.7031,9.9812,95.4985,NORMAL
22.0,52.1024,60.5341,43.1507,49.4622,2.5636,68.3038,0.7022,27.1151,83.4449,91.1599,3.2284,87.796,49.482,18.8218,0.0,10.2546,18.8022,0.0,12.0838,12.204,7.9615,18.8022,90.5343,NORMAL
23.0,50.0043,61.7746,43.3299,52.3361,1.4536,71.233,0.7669,24.2904,82.2078,91.0429,3.2349,94.5541,54.9389,16.2942,0.0,5.8143,7.9107,0.0,12.2091,5.4459,4.782,12.2091,94.2413,NORMAL
24.0,49.4191,59.8678,42.6807,51.6644,2.6066,71.2324,0.768,22.1812,86.3691,91.0874,2.5792,93.1647,55.294,15.9384,0.0,10.4263,3.5178,0.0,0.0,6.8353,3.1204,10.4263,96.0455,NORMAL
25.0,49.2968,58.5955,44.1028,51.9176,3.3563,72.1697,0.6949,25.5448,81.2952,88.4961,3.1365,93.5525,54.9934,17.1763,0.0,13.4252,2.2054,0.0,10.3175,6.4475,5.0376,13.4252,93.8884,NORMAL
26.0,50.2839,61.7362,42.1964,50.4036,2.296,78.4702,0.7516,24.619,81.314,91.319,3.1859,89.1549,61.7474,16.7228,0.0,9.1838,7.3396,0.0,11.2664,10.8451,5.7662,11.2664,93.3325,NORMAL
27.0,49.7821,60.1448,43.087,51.769,2.6169,70.5263,0.7178,27.372,83.6967,92.0163,2.8551,88.8699,53.4909,17.0354,0.0,10.4677,3.7426,0.0,4.9065,11.1301,4.4616,11.1301,94.648,NORMAL
28.0,49.5681,61.9663,42.9753,53.8577,2.9612,73.5977,0.7285,20.5397,80.438,95.0495,2.8583,93.3363,56.891,16.7066,0.0,11.8449,3.2931,0.0,4.967,6.6637,4.102,11.8449,94.9505,NORMAL
29.0,49.3067,61.1741,43.5076,52.7397,2.4262,75.7552,0.73,23.2996,90.6575,91.6382,2.3954,91.8393,59.2333,16.5219,0.0,9.7049,3.4971,0.0,0.0,8.1607,3.1537,9.7049,96.0699,NORMAL
30.0,51.4139,60.6412,43.8477,52.1461,2.2386,73.0483,0.7439,23.0995,83.424,86.8392,2.8357,91.6278,55.5032,17.5451,0.0,8.9543,21.4343,0.0,4.533,8.3722,6.4673,21.4343,91.8179,NORMAL
31.0,47.5627,61.3007,42.7363,51.5977,1.4759,79.9576,0.7145,20.2708,84.6287,91.4873,2.4467,91.4874,64.2024,15.7553,0.0,5.9037,18.7449,0.0,0.0,8.5126,4.8369,18.7449,93.6635,NORMAL
32.0,47.1399,63.306,44.3412,51.7021,2.7884,71.9847,0.7522,26.5317,82.432,96.8656,2.8845,93.2395,57.093,14.8917,0.0,11.1538,7.2485,0.0,5.4711,6.7605,4.67,11.1538,94.4377,NORMAL
33.0,46.4574,63.5388,43.7914,50.0267,2.4491,74.2506,0.7171,24.0625,87.5252,93.1939,2.892,92.4503,59.1882,15.0624,0.0,9.7963,10.4442,0.0,5.615,7.5497,5.0364,10.4442,94.1281,NORMAL
34.0,48.2176,61.2104,42.0766,52.4723,2.0443,71.0259,0.7245,26.274,83.3424,89.9285,2.9471,90.7944,55.0574,15.9686,0.0,8.1772,7.7979,0.0,6.6755,9.2056,4.7326,9.2056,94.531,NORMAL
35.0,48.7179,61.3991,42.0607,53.1183,2.557,72.4962,0.6787,29.7049,74.7088,92.6197,3.0784,90.7028,55.3609,17.1353,0.0,10.2279,6.3885,0.0,9.2002,9.2972,5.2847,10.2279,93.8971,NORMAL
36.0,46.7875,62.577,43.8556,50.7548,2.2373,74.4101,0.7665,24.4688,85.9335,90.0238,2.5745,93.122,59.9288,14.4813,0.0,8.9494,11.2095,0.0,0.0,6.878,4.0282,11.2095,95.0751,NORMAL
37.0,45.6118,60.3484,43.7104,51.7259,2.2622,76.2987,0.7138,24.5221,80.678,88.7947,3.1251,92.0898,61.6685,14.6301,0.0,9.0488,13.9928,0.0,10.0989,7.9102,6.2023,13.9928,92.6783,NORMAL
38.0,45.5093,61.8394,43.8581,51.2862,2.7728,74.7975,0.7191,25.79,81.4897,90.6932,3.4119,91.0363,60.3098,14.4876,0.0,11.0913,10.1451,0.0,15.6141,8.9637,6.9812,15.6141,91.7697,NORMAL
39.0,47.4872,61.4841,43.9672,51.5341,1.8977,77.6817,0.6474,27.7146,76.5221,91.7656,3.319,89.0909,60.6862,16.9955,0.0,7.5909,7.4213,0.0,13.827,10.9091,5.9251,13.827,92.9688,NORMAL
40.0,47.5693,61.9661,44.2357,52.608,2.9713,73.6673,0.669,24.7932,83.1654,87.602,2.9165,89.66,57.0621,16.6052,0.0,11.8852,1.8914,0.0,6.087,10.34,4.5189,11.8852,94.5303,NORMAL
41.0,47.2827,60.6625,44.9253,50.5245,1.871,72.9871,0.7289,24.8504,79.6087,89.2901,3.2432,89.4964,57.6407,15.3464,0.0,7.4842,1.1692,0.0,12.3701,10.5036,4.6873,12.3701,94.3231,NORMAL
42.0,45.6264,59.8271,43.1112,53.2769,2.2018,82.1106,0.6984,28.4115,80.3677,91.5363,3.0838,90.1149,67.2192,14.8913,0.0,8.8071,15.0163,0.0,9.3038,9.8851,6.4245,15.0163,92.3742,NORMAL
43.0,46.9617,59.3178,43.0945,53.4696,3.3653,75.1799,0.6304,27.2383,79.7076,90.4433,3.0585,93.5398,58.1609,17.019,0.0,13.4613,7.3313,0.0,8.8182,6.4602,5.5743,13.4613,93.3488,NORMAL
44.0,46.9212,60.5341,43.2025,52.517,3.0073,71.8208,0.7171,22.5745,88.2938,92.128,2.3666,89.8517,56.4877,15.3331,0.0,12.0292,3.0823,0.0,0.0,10.1483,3.7251,12.0292,95.3126,NORMAL
45.0,47.2271,61.3929,44.483,50.339,2.5439,71.8621,0.6677,24.3951,87.7008,89.011,3.0898,91.7146,55.4452,16.4169,0.0,10.1757,2.6411,0.0,9.4184,8.2854,4.6272,10.1757,94.5587,NORMAL
46.0,48.3447,61.6586,45.379,51.8742,2.0768,71.0661,0.7244,30.0293,79.5272,92.9713,2.6342,94.6525,55.0211,16.045,0.0,8.307,7.3803,0.0,0.6569,5.3475,3.266,8.307,96.0694,NORMAL
47.0,47.6801,64.4009,43.9051,54.1537,2.2618,76.6368,0.6776,28.0107,80.4274,89.1349,3.3687,93.5045,60.131,16.5059,0.0,9.0473,3.6045,0.0,14.7833,6.4955,5.2235,14.7833,93.5938,NORMAL
48.0,48.5962,63.468,42.0757,50.1923,2.533,72.6507,0.6845,25.8614,80.0179,94.7282,2.8298,90.6318,55.7078,16.943,0.0,10.1319,4.6298,0.0,4.4194,9.3682,4.2482,10.1319,94.9413,NORMAL
49.0,48.0523,61.0495,42.8266,52.6714,2.5169,74.0266,0.7119,27.2229,83.8844,88.0148,2.9823,92.4785,57.9336,16.093,0.0,10.0675,4.1012,0.0,7.3525,7.5215,4.4056,10.0675,94.789,NORMAL
50.0,48.7042,62.6831,43.6427,51.8868,2.4591,73.3386,0.6478,27.7671,79.3511,89.2739,3.5878,90.3646,55.5546,17.784,0.0,9.8364,2.7446,0.0,18.9957,9.6354,6.2795,18.9957,92.2009,NORMAL
51.0,49.551,61.8379,43.9217,53.9185,2.4861,75.5925,0.6431,29.3879,78.3931,92.2878,3.0684,92.0102,57.1361,18.4564,0.0,9.9445,6.1717,0.0,9.0073,7.9898,5.0163,9.9445,94.1882,NORMAL
52.0,47.0165,62.0444,44.0865,52.4852,2.4035,70.711,0.6652,25.3746,84.2784,94.7997,2.6089,90.3634,54.3763,16.3346,0.0,9.6141,20.4113,0.0,0.1713,9.6366,5.8799,20.4113,92.4872,NORMAL
53.0,49.0153,62.6658,44.5182,53.6098,1.8511,69.8623,0.6941,26.5829,79.2203,92.2228,3.0437,91.7088,52.846,17.0163,0.0,7.4044,10.1439,0.0,8.5327,8.2912,5.1405,10.1439,94.048,NORMAL
54.0,49.2226,63.2428,44.2315,53.816,2.2676,73.5845,0.6276,28.9832,79.7138,92.6269,3.2412,90.0985,54.9836,18.6009,0.0,9.0703,4.5557,0.0,12.3317,9.9015,5.3866,12.3317,93.6269,NORMAL
55.0,49.4119,62.1477,45.4841,55.1306,2.9116,74.5221,0.6157,28.409,75.3243,91.3945,3.2202,93.7728,55.4963,19.0258,0.0,11.6463,5.4731,0.0,11.9273,6.2272,5.4565,11.9273,93.5893,NORMAL
56.0,50.3478,63.885,43.958,53.1345,1.8842,73.5097,0.6888,29.9226,81.5451,89.5327,2.8811,91.1738,55.5391,17.9706,0.0,7.537,5.2006,0.0,5.4066,8.8262,3.9856,8.8262,95.3083,NORMAL
57.0,53.2488,61.2902,43.8161,53.7557,2.4147,69.8622,0.6442,26.4889,86.6973,90.4885,2.6715,91.0124,48.8555,21.0067,0.0,9.6588,21.6014,0.0,1.3752,8.9876,6.1808,21.6014,92.0911,NORMAL
58.0,50.3572,62.7188,45.048,51.936,2.1311,74.0874,0.6489,29.83,81.6351,89.1073,3.5156,93.3068,55.2208,18.8666,0.0,8.5244,14.9716,0.0,17.6073,6.6932,7.3152,17.6073,91.2762,NORMAL
59.0,53.3237,65.8776,43.2589,54.6519,2.5501,69.5739,0.6033,31.4655,83.1699,88.8816,3.2772,91.3198,47.3341,22.2398,0.0,10.2004,19.0428,0.0,13.0239,8.6802,7.7159,19.0428,90.7606,NORMAL
60.0,49.9907,63.0759,45.0146,52.7406,2.3251,69.978,0.6369,30.4214,76.6847,92.292,3.4309,91.3315,51.076,18.902,0.0,9.3005,21.6506,0.0,15.9788,8.6685,8.4255,21.6506,89.8425,NORMAL
61.0,52.2312,64.5743,44.7781,52.9791,3.1648,68.4348,0.6554,29.8902,80.1551,89.0574,3.2323,90.1163,48.4387,19.9962,0.0,12.6593,8.9016,0.0,12.1593,9.8837,6.6189,12.6593,92.3684,NORMAL
62.0,53.2511,63.009,44.5742,53.5555,2.728,74.8815,0.682,29.5832,76.7456,92.039,3.1548,90.4546,54.8307,20.0508,0.0,10.9118,8.1996,0.0,10.6694,9.5454,5.9375,10.9118,93.1895,NORMAL
63.0,54.1323,63.6393,46.1563,52.0518,1.9097,72.5773,0.6293,28.2669,79.4446,88.9762,3.6133,91.0586,50.5059,22.0714,0.0,7.6388,11.1889,0.0,19.4861,8.9414,7.1677,19.4861,91.2735,NORMAL
64.0,54.5567,62.9159,44.186,53.8795,2.8021,72.1791,0.7006,29.953,81.7364,91.9763,3.1025,88.119,51.6825,20.4966,0.0,11.2082,10.3369,0.0,9.6629,11.881,6.4277,11.881,92.6218,NORMAL
65.0,54.8781,62.8197,46.6183,54.6534,2.1514,73.7814,0.6288,32.7755,78.5397,90.5493,3.3309,92.8102,51.1342,22.6472,0.0,8.6056,10.4952,0.0,14.0555,7.1898,6.1489,14.0555,92.7267,NORMAL
66.0,53.4393,62.1275,44.5783,54.0131,2.2404,78.1424,0.6273,30.1759,75.0882,94.3204,3.5527,98.8417,56.5273,21.6151,0.0,8.9614,6.3744,0.0,18.3217,1.1583,5.5501,18.3217,92.9842,NORMAL
67.0,53.3911,63.6163,43.648,52.1645,2.6412,64.2308,0.6924,28.7908,75.9628,92.0664,3.1318,92.1896,44.3316,19.8991,0.0,10.5649,1.4499,0.0,10.2278,7.8104,4.5872,10.5649,94.5676,NORMAL
68.0,55.2987,62.1136,44.8754,53.662,2.2787,66.7873,0.6511,29.741,75.3653,93.9702,3.1627,87.0034,44.477,22.3103,0.0,9.1149,17.1376,0.0,10.8207,12.9966,7.4111,17.1376,91.2179,NORMAL
69.0,53.8355,63.9681,43.858,54.5593,2.9018,66.7882,0.6267,31.281,80.3363,89.8503,3.3229,92.8516,44.8631,21.9251,0.0,11.6071,8.4058,0.0,13.9023,7.1484,6.3163,13.9023,92.5716,NORMAL
70.0,52.2685,64.5041,44.1632,51.9697,2.1515,65.7096,0.6372,30.2847,85.4721,91.639,3.0389,90.729,45.2178,20.4917,0.0,8.6059,10.5556,0.0,8.4404,9.271,5.5093,10.5556,93.6462,NORMAL
71.0,52.3637,63.6724,45.2093,52.8025,2.2215,64.6459,0.681,32.1534,82.5829,89.5491,3.348,89.0474,45.175,19.471,0.0,8.8859,4.551,0.0,14.3855,10.9526,5.8092,14.3855,93.0399,NORMAL
72.0,52.5035,62.9183,45.3632,54.7824,2.2046,66.5883,0.683,32.3782,72.7132,90.6878,4.0702,91.1221,47.0692,19.5191,0.0,8.8185,2.9541,0.0,28.2734,8.8779,7.5314,28.2734,90.2068,NORMAL
73.0,54.2726,63.8342,44.3134,54.2036,2.2455,63.4385,0.6131,33.2587,82.2946,90.9818,3.3789,89.9635,40.7758,22.6627,0.0,8.9819,14.0979,0.0,14.9787,10.0365,7.2426,14.9787,91.5591,NORMAL
74.0,53.5082,62.9451,45.7712,54.3721,2.9946,67.6876,0.635,34.4748,80.3298,89.8895,2.9402,93.0037,46.2388,21.4487,0.0,11.9785,8.2725,0.0,6.542,6.9963,5.1635,11.9785,93.8782,NORMAL
75.0,53.956,64.4626,45.9326,55.8454,2.783,66.4252,0.6376,33.7648,73.1829,88.9567,3.7832,88.0072,44.7218,21.7034,0.0,11.1318,11.5334,0.0,22.7536,11.9928,8.7021,22.7536,89.4776,NORMAL
76.0,52.0224,61.1652,46.1907,54.4791,3.2695,67.295,0.604,30.0486,78.47,88.4537,3.3836,90.8221,46.0609,21.2341,0.0,13.0779,8.5426,0.0,15.0684,9.1779,7.0169,15.0684,91.7776,NORMAL
77.0,52.4273,62.9814,45.3808,54.6922,3.5204,66.9516,0.6306,30.2526,82.5805,86.546,3.3111,88.4739,46.1695,20.7821,0.0,14.0818,6.8985,0.0,13.6757,11.5261,6.9999,14.0818,91.8735,NORMAL
78.0,52.6229,61.0148,46.1367,56.7679,2.0362,66.8093,0.6312,32.0492,80.1906,89.4393,3.4276,89.2264,45.9006,20.9087,0.0,8.1447,9.4489,0.0,15.9152,10.7736,6.6412,15.9152,92.0856,NORMAL
79.0,50.8167,61.6278,43.2212,53.8651,2.5317,63.4478,0.664,31.4381,74.8687,92.698,3.4217,91.0023,44.6234,18.8243,0.0,10.1268,8.1477,0.0,15.8012,8.9977,6.5516,15.8012,92.1843,NORMAL
80.0,51.3571,65.0749,44.6312,53.3019,1.9707,70.4956,0.6648,30.2019,81.1474,88.3694,3.2795,92.4875,51.3252,19.1704,0.0,7.8828,7.9856,0.0,13.0679,7.5125,5.5303,13.0679,93.4243,NORMAL
81.0,49.2287,64.5274,44.1394,54.5474,2.1501,64.3967,0.6175,31.7319,72.2601,88.7907,3.7924,93.0276,45.5423,18.8544,0.0,8.6003,10.4718,0.0,22.9307,6.9724,7.5384,22.9307,90.6271,NORMAL
82.0,49.0599,62.603,45.0284,54.5774,2.2165,57.6649,0.6197,31.8014,77.9749,95.0942,3.1397,89.5814,38.9843,18.6806,0.0,8.8659,2.002,0.0,10.3783,10.4186,4.7183,10.4186,94.4483,NORMAL
83.0,48.4265,61.6751,44.4073,53.6296,2.0243,59.8025,0.6449,31.5404,82.1669,90.2817,3.046,91.458,42.1389,17.6636,0.0,8.0971,3.8533,0.0,8.5764,8.542,4.3518,8.5764,94.9621,NORMAL
84.0,46.6653,59.9307,44.7716,53.1408,2.0267,57.1442,0.6063,32.3847,78.4536,92.1962,4.0264,96.471,39.7785,17.3657,0.0,8.1066,13.9276,0.0,27.4306,3.529,8.2796,27.4306,89.5259,NORMAL
85.0,48.3909,62.8445,46.6136,56.4989,2.4351,61.9733,0.6404,35.5039,75.5916,92.7489,3.4265,91.5631,44.2328,17.7405,0.0,9.7403,10.8799,0.0,15.8945,8.4369,6.8434,15.8945,91.8851,NORMAL
86.0,46.4184,66.4081,44.7646,54.5308,1.9525,61.1116,0.619,33.6746,80.5247,92.8955,3.3464,94.5929,44.1995,16.9122,0.0,7.8099,9.1522,0.0,14.3532,5.4071,5.6459,14.3532,93.2059,NORMAL
87.0,46.462,64.0307,45.2864,53.4855,2.879,59.6282,0.5915,38.3473,78.8184,88.322,3.4116,89.6244,42.0497,17.5786,0.0,11.5158,1.6295,0.0,15.6084,10.3756,5.9445,15.6084,92.8068,NORMAL
88.0,46.4946,62.8411,44.7007,55.1467,2.087,66.624,0.5909,33.8707,81.7044,91.0787,3.3756,90.044,49.0072,17.6169,0.0,8.348,5.0804,0.0,14.916,9.956,5.7625,14.916,93.0442,NORMAL
89.0,45.837,64.0729,44.9728,54.1335,3.7643,61.7979,0.662,33.0741,80.7319,87.9354,3.2435,92.7892,46.1329,15.665,0.0,15.0572,6.4595,0.0,12.3745,7.2108,6.3739,15.0572,92.4215,NORMAL
90.0,45.5524,61.6422,44.904,54.0007,2.2969,61.8915,0.6129,33.7854,81.0543,96.3873,3.1017,92.9412,45.4135,16.478,0.0,9.1875,6.7998,0.0,9.6482,7.0588,4.9726,9.6482,94.2555,NORMAL
91.0,43.9156,63.1576,45.2951,54.8258,2.5324,56.4853,0.6658,34.4114,79.7459,88.2531,3.7632,94.6587,42.0447,14.4406,0.0,10.1296,5.8969,0.0,22.3697,5.3413,6.8267,22.3697,91.3838,NORMAL
92.0,42.9215,63.6313,45.9326,52.9805,1.9171,55.8502,0.6003,34.8888,78.1433,89.4826,3.6754,95.1586,40.8002,15.05,0.0,7.6684,6.7693,0.0,20.6804,4.8414,6.2088,20.6804,92.1367,NORMAL
93.0,42.8956,63.4046,46.3578,54.633,3.2677,58.5315,0.6235,38.2899,76.1868,89.1999,3.9272,89.915,43.9472,14.5843,0.0,13.071,1.1582,0.0,25.5223,10.085,7.6896,25.5223,90.2687,NORMAL
94.0,40.1742,64.4513,45.1442,56.2003,3.0038,58.5184,0.6857,32.5624,77.612,88.3458,3.1322,87.6715,46.4718,12.0466,0.0,12.0151,23.0635,0.0,10.2338,12.3285,8.6189,23.0635,89.536,NORMAL
95.0,40.0793,63.9088,45.3857,54.7595,2.6336,52.0143,0.5813,36.0862,73.2067,94.1258,4.0537,90.6048,38.3641,13.6502,0.0,10.5344,11.6026,0.0,27.9565,9.3952,9.1317,27.9565,88.6318,NORMAL
96.0,39.8645,64.2886,43.808,53.9221,1.8939,56.6322,0.5553,34.897,74.4773,96.4282,3.2157,92.5677,42.6089,14.0233,0.0,7.5758,11.4208,0.0,11.8412,7.4323,5.7875,11.8412,93.2652,NORMAL
97.0,39.9756,63.2919,45.0922,54.267,2.5948,56.8118,0.65,31.4512,77.9445,90.4776,3.7282,94.2191,44.3674,12.4445,0.0,10.3792,8.5345,0.0,21.697,5.7809,7.2099,21.697,91.0544,NORMAL
98.0,41.6332,65.8252,46.3443,54.8385,1.9954,55.7278,0.5859,36.245,77.5015,88.9202,3.8978,94.4999,41.2011,14.5268,0.0,7.9814,7.8366,0.0,24.9571,5.5001,7.1855,24.9571,90.818,NORMAL
99.0,39.5548,67.331,46.6032,55.4687,3.1581,53.5445,0.6093,37.3475,80.6365,86.8314,3.8068,87.9766,40.6987,12.8458,0.0,12.6322,14.9291,0.0,23.2071,12.0234,9.5428,23.2071,88.6007,NORMAL
100.0,40.0899,64.839,46.3394,55.8177,2.8641,53.9857,0.5916,33.2049,77.9286,90.8817,3.2704,93.4054,40.5177,13.468,0.0,11.4566,4.7919,0.0,12.8925,6.5946,5.5206,12.8925,93.448,NORMAL
101.0,42.2826,65.5635,47.271,57.5836,2.5429,54.7022,0.6165,35.0067,80.3076,90.8078,3.492,87.5826,40.3617,14.3405,0.0,10.1718,16.6247,0.0,17.1546,12.4174,8.4577,17.1546,90.1699,NORMAL
102.0,39.8562,68.8557,47.2384,55.405,1.4036,55.1428,0.5793,31.6777,81.9333,90.3886,3.1618,88.5735,41.591,13.5519,0.0,5.6145,11.7429,0.0,10.8037,11.4265,5.8157,11.7429,93.2449,NORMAL
103.0,41.3243,67.6458,48.1998,58.4702,2.0575,56.3323,0.6018,32.7129,77.5662,91.9901,3.42,95.7845,42.3023,14.03,0.0,8.2299,10.2576,0.0,15.7686,4.2155,5.9666,15.7686,92.772,NORMAL
104.0,38.9653,70.1812,47.7019,57.6975,2.8095,57.4182,0.6201,37.4271,78.0647,92.1723,3.5475,92.6063,45.0824,12.3358,0.5177,11.238,15.1343,0.0,18.2206,7.3937,8.0763,18.2206,90.466,NORMAL
105.0,40.0065,68.5854,47.4426,58.9222,3.0458,52.9611,0.5757,34.4971,76.7806,91.9761,3.0733,94.8376,39.2497,13.7113,0.0,12.1832,5.6429,0.0,9.1023,5.1624,4.9934,12.1832,94.0319,NORMAL
106.0,39.0241,71.4809,48.3856,57.8854,2.9991,52.1553,0.5844,33.3096,81.9764,90.7079,3.5739,92.3731,39.1971,12.9581,4.2312,11.9965,10.6922,0.0,18.7288,7.6269,8.3167,18.7288,90.185,NORMAL
107.0,39.9743,70.5097,45.7657,60.8072,1.7836,54.528,0.5945,36.0818,78.7532,89.4044,3.5885,92.1941,41.1805,13.3475,1.4563,7.1344,6.4786,0.0,19.0103,7.8059,6.4251,19.0103,92.054,NORMAL
108.0,41.7512,71.2775,49.067,61.1895,2.6357,54.7509,0.5615,34.6721,73.8663,92.7518,3.5002,85.4453,39.6425,15.1084,3.6501,10.5428,12.0346,0.0,17.3117,14.5547,8.7709,17.3117,89.8442,NORMAL
109.0,38.309,73.4597,45.7573,61.3678,2.957,51.3316,0.5912,34.8676,77.8402,91.3745,3.3974,92.8881,38.9089,12.4227,9.8849,11.8279,25.3268,0.0,15.3342,7.1119,10.8959,25.3268,87.0779,NORMAL
110.0,41.5101,71.761,47.8077,59.3569,1.7537,54.734,0.607,37.3787,81.2453,93.3909,3.5288,89.1646,40.6875,14.0465,5.0314,7.015,14.0133,0.0,17.8617,10.8354,8.3583,17.8617,90.2128,NORMAL
111.0,41.4267,71.6776,50.0826,62.1633,2.4964,55.0434,0.591,33.6656,77.3167,93.0309,3.2353,90.2141,40.747,14.2964,4.793,9.9858,2.6266,0.0,12.2164,9.7859,6.0832,12.2164,92.9395,NORMAL
112.0,40.4662,72.8791,50.4224,62.2007,2.6232,55.7351,0.5945,34.2659,78.9515,88.5794,3.048,91.0409,42.092,13.6431,8.2261,10.4929,6.7839,0.0,8.6151,8.9591,6.7356,10.4929,92.425,NORMAL
113.0,39.4848,74.5695,49.2625,60.6514,2.3647,56.9644,0.6017,36.4706,78.32,88.6113,3.754,91.2973,44.0315,12.9328,13.0556,9.4586,12.2589,0.0,22.192,8.7027,10.3919,22.192,87.8328,NORMAL
114.0,41.8233,72.7558,49.9832,62.6922,1.6665,48.8137,0.5822,38.1855,72.8522,90.1223,3.9988,92.7443,34.0944,14.7193,7.8737,6.6661,9.8493,0.0,26.9001,7.2557,9.2026,26.9001,88.6454,NORMAL
115.0,41.1905,76.0065,52.1724,63.5401,2.3534,51.2527,0.6223,38.8056,77.2338,89.2489,3.7432,90.9815,37.6704,13.5823,17.1613,9.4137,5.0723,0.0,21.9843,9.0185,10.0499,21.9843,88.1913,NORMAL
116.0,42.4584,75.2006,50.8177,64.1898,2.3527,51.0577,0.6444,35.0801,73.0849,92.9688,3.3931,89.6093,37.1072,13.9505,14.8588,9.4109,6.9843,0.0,15.2518,10.3907,9.0092,15.2518,89.7706,NORMAL
117.0,42.3503,77.8289,53.5857,64.2683,2.4334,50.5576,0.5871,38.3643,74.0101,91.8278,3.8171,88.743,35.6028,14.9548,22.3684,9.7335,1.0164,0.0,23.406,11.257,10.9293,23.406,87.1983,NORMAL
118.0,44.7305,74.1817,51.8786,64.8387,2.2464,48.7473,0.6154,34.9989,80.5276,93.7042,3.0358,90.3222,32.8542,15.893,11.9478,8.9858,21.3322,0.0,8.3799,9.6778,9.3801,21.3322,88.9133,NORMAL
119.0,42.298,76.7131,52.5604,66.4767,2.3006,46.0971,0.5934,40.2957,76.1461,92.0813,3.5756,88.1124,31.3031,14.794,19.1804,9.2026,8.9758,0.0,18.7616,11.8876,10.7917,19.1804,87.6739,NORMAL
120.0,41.3175,76.2343,53.9607,66.684,2.4821,50.7062,0.6114,34.4502,76.6175,91.7231,3.3684,88.1684,36.8563,13.8499,17.8123,9.9285,8.4551,0.0,14.7761,11.8316,9.9463,17.8123,88.6287,NORMAL
121.0,43.0872,77.8666,52.9353,63.0449,2.6991,48.0134,0.6473,39.4476,76.7714,93.4617,3.883,89.7096,33.7415,14.2719,22.476,10.7964,10.3465,0.0,24.6738,10.2904,12.6157,24.6738,85.4104,NORMAL
122.0,43.1948,79.7542,52.2267,66.0477,2.363,50.4828,0.6154,35.5489,76.8892,91.8491,3.4896,92.1873,35.5607,14.9221,27.8691,9.452,5.1543,0.0,17.1083,7.8127,11.0713,27.8691,86.6992,NORMAL
123.0,44.802,79.8398,53.3411,66.6529,2.3157,47.7651,0.5469,40.958,74.8354,91.046,3.8119,90.0281,30.2199,17.5452,28.1137,9.2626,17.9423,0.0,23.3052,9.9719,14.2519,28.1137,83.499,NORMAL
124.0,44.0399,80.3477,53.7184,65.5171,2.5416,46.787,0.6137,38.1822,77.9339,93.76,4.0202,90.0527,31.299,15.488,29.5649,10.1662,11.4833,0.0,27.3119,9.9473,14.336,29.5649,83.2988,NORMAL
125.0,43.2991,81.0566,52.8325,67.8142,1.6356,50.744,0.637,35.0339,75.1037,91.1437,3.7088,91.6739,36.1621,14.5818,31.5904,6.5424,8.5088,0.0,21.3239,8.3261,12.4857,31.5904,84.987,NORMAL
126.0,44.7325,82.0867,54.1404,69.4189,2.7147,50.4653,0.5934,36.0863,76.9648,89.9437,3.7265,89.6213,34.0963,16.369,34.5333,10.8587,19.2688,0.0,21.6634,10.3787,15.6639,34.5333,81.5734,NORMAL
127.0,40.8589,81.2264,54.0123,67.5329,2.4997,51.7383,0.6299,38.7564,74.7855,89.0272,3.7963,92.2238,38.4777,13.2606,32.0754,9.999,18.4895,0.0,23.0065,7.7762,14.861,32.0754,82.573,NORMAL
128.0,41.4214,83.8779,55.8214,69.4045,2.5179,56.5624,0.5794,39.361,70.7116,91.7868,3.828,89.5827,42.0397,14.5227,39.6513,10.0714,2.4688,0.0,23.6146,10.4173,14.2481,39.6513,82.5798,NORMAL
129.0,40.7685,84.4172,55.3296,68.6002,2.9323,50.8575,0.5556,37.1743,73.6254,92.6989,3.2486,91.8821,36.2614,14.5961,41.1919,11.7293,5.6926,0.0,12.4727,8.1179,13.2322,41.1919,83.4725,NORMAL
130.0,41.2245,84.6754,55.3527,69.2913,1.6212,51.5181,0.6045,37.4636,80.9699,90.3811,3.7728,91.3193,37.599,13.9192,41.9296,6.4849,2.7861,0.0,22.5546,8.6807,13.7181,41.9296,82.9275,NORMAL
131.0,39.5048,85.4717,55.8201,71.8871,1.6118,46.8838,0.5477,38.9479,76.7961,93.0046,3.7873,92.6404,32.9345,13.9493,44.2049,6.4471,14.4801,0.0,22.8322,7.3596,15.7612,44.2049,80.7024,NORMAL
132.0,41.9427,85.7493,56.4247,70.313,2.6232,46.3257,0.5934,37.7502,72.1742,86.1929,3.9751,86.2985,31.7535,14.5722,44.9981,10.4928,14.8269,0.0,26.4437,13.7015,17.9826,44.9981,78.4175,NORMAL
133.0,40.3257,88.4247,57.0871,71.7629,2.4968,55.021,0.6394,34.9534,72.6985,89.7288,3.7269,89.8639,42.218,12.803,52.642,9.9872,6.93,0.0,21.672,10.1361,16.8967,52.642,78.8919,NORMAL
134.0,38.1264,86.4663,55.9401,69.8739,2.5766,47.6043,0.5437,35.9667,76.5575,89.977,3.8217,93.667,34.4418,13.1625,47.0467,10.3063,15.5998,0.0,23.4938,6.333,17.0794,47.0467,79.1568,NORMAL
135.0,38.2813,86.7899,56.2101,74.0513,2.292,47.3611,0.5628,38.1137,80.6758,88.627,3.3134,86.9932,34.463,12.8981,47.9711,9.1682,4.9139,0.0,13.7185,13.0068,14.6862,47.9711,81.4761,NORMAL
136.0,39.6327,86.841,58.4493,73.2349,2.799,50.5095,0.5705,40.1236,74.5878,94.731,3.6338,89.8583,36.9301,13.5795,48.1171,11.1958,10.1852,0.0,19.8812,10.1417,16.4901,48.1171,79.6605,NORMAL
137.0,39.8353,87.0927,57.3914,72.8923,2.9197,50.5058,0.5999,40.9723,78.7126,89.7742,3.5661,86.7136,37.3367,13.1691,48.8363,11.6787,9.1662,0.0,18.5779,13.2864,16.7177,48.8363,79.3754,NORMAL
138.0,40.9078,87.4236,56.7947,74.0924,2.7178,48.2338,0.5912,39.3456,76.5307,89.0958,4.2306,90.1893,34.2603,13.9735,49.7818,10.8712,19.8612,0.0,31.3586,9.8107,19.9827,49.7818,76.0348,NORMAL
139.0,41.6297,88.4354,58.7766,72.5484,2.3826,50.2065,0.6445,38.4058,77.2833,89.9155,3.9387,86.7503,36.7401,13.4664,52.6726,9.5305,23.9062,0.0,25.7441,13.2497,20.3962,52.6726,75.39,NORMAL
140.0,37.5611,90.0016,59.1014,75.5816,1.5515,55.0045,0.6315,39.372,71.4566,85.8528,3.6389,88.0437,43.6102,11.3944,57.1473,6.2062,17.8671,0.0,19.9784,11.9563,18.6529,57.1473,76.7753,NORMAL
141.0,35.0245,91.0714,57.6139,74.5154,2.8462,49.1081,0.6182,36.5826,79.4479,87.9255,3.3189,91.0188,38.8714,10.2367,60.204,11.3846,16.5835,0.0,13.8249,8.9812,18.5494,60.204,76.6343,WATCH
142.0,32.8577,91.315,59.5053,75.075,3.0498,47.5691,0.6081,37.6498,75.1823,91.3377,3.7109,87.8894,38.3052,9.2639,60.8999,12.1991,23.0312,0.0,21.3642,12.1106,21.3621,60.8999,73.7659,WATCH
143.0,35.6595,90.9178,60.2679,75.2267,2.7901,54.816,0.616,36.3468,79.3236,88.2182,3.5324,88.1075,44.2214,10.5946,59.7653,11.1602,11.7954,0.0,17.93,11.8925,18.7202,59.7653,76.4986,WATCH
144.0,33.6036,93.4992,60.2501,75.5764,2.1042,53.7169,0.5788,35.5349,74.6328,87.6594,3.4905,88.723,43.7114,10.0055,67.1404,8.4166,14.0049,0.0,17.1241,11.277,19.7099,67.1404,74.9188,WATCH
145.0,33.6376,93.8883,60.7892,77.2899,2.8032,50.6437,0.6309,38.7353,76.2623,91.7358,4.1662,86.7494,41.2551,9.3886,68.2522,11.2128,4.6701,0.0,30.1195,13.2506,21.3013,68.2522,73.2386,WATCH
146.0,32.8652,93.391,59.2639,77.2889,2.8872,48.037,0.5724,38.4737,76.8971,91.8384,3.7698,90.8337,38.3339,9.7031,66.8315,11.549,9.5968,0.0,22.4971,9.1663,20.132,66.8315,74.5215,WATCH
147.0,33.0586,93.3804,61.1332,78.122,3.2015,50.8405,0.6314,39.511,74.9433,90.124,3.9755,87.2246,41.738,9.1025,66.8011,12.8059,4.2859,0.0,26.4514,12.7754,20.6094,66.8011,74.0466,WATCH
148.0,34.3169,95.403,60.8705,77.8983,2.1058,53.2134,0.6426,39.2595,76.7246,88.1781,3.7074,89.1848,43.6225,9.5909,72.58,8.423,9.4534,0.0,21.2956,10.8152,20.6194,72.58,73.5742,WATCH
149.0,32.6529,95.5511,61.0161,78.8566,2.3981,57.1895,0.6139,38.6828,74.954,88.5273,4.0434,88.2388,48.0919,9.0975,73.0032,9.5924,6.4506,0.0,27.7569,11.7612,21.5913,73.0032,72.5684,WATCH
150.0,31.8629,59.5267,44.2024,52.8889,2.8363,50.909,0.603,39.3395,73.5302,89.7677,3.8405,91.0069,42.0747,8.8343,0.0,11.3451,5.1701,0.0,23.855,8.9931,7.6002,23.855,90.4914,NORMAL
151.0,30.3341,61.1216,44.7187,55.5013,2.5258,54.1025,0.621,38.1684,80.7857,89.4548,3.5652,91.4053,46.1683,7.9342,0.0,10.1033,14.1881,0.0,18.5613,8.5947,7.847,18.5613,90.6681,NORMAL
152.0,29.1883,61.4561,44.9709,51.6671,1.9972,56.7293,0.5238,39.1056,78.7225,89.4718,3.8758,93.4234,48.306,8.4233,0.0,7.9888,17.9719,0.0,24.5344,6.5766,8.7686,24.5344,89.2687,NORMAL
153.0,30.6533,60.0004,44.5082,54.4591,2.6866,47.9178,0.6195,36.8523,74.2394,90.1728,3.4161,91.5802,39.8239,8.0939,0.0,10.7463,11.6193,0.0,15.6935,8.4198,7.0911,15.6935,91.6534,NORMAL
154.0,31.1143,61.246,43.1953,54.5289,2.7604,58.5303,0.6078,39.0674,77.297,89.3233,4.1456,94.1691,50.1052,8.4251,0.0,11.0416,5.0632,0.0,29.7238,5.8309,8.0921,29.7238,89.53,NORMAL
155.0,33.5756,59.2105,43.581,52.2712,2.5396,52.2579,0.6104,39.6869,73.1035,88.3139,4.0414,91.6365,42.6636,9.5943,0.0,10.1583,17.701,0.0,27.7187,8.3635,9.8207,27.7187,87.9618,NORMAL
156.0,31.2499,62.4978,43.9234,55.3148,2.5988,57.186,0.634,37.0315,72.8927,91.8671,4.0572,94.4451,48.9581,8.2279,0.0,10.3953,10.8912,0.0,28.0237,5.5549,8.5512,28.0237,89.2069,NORMAL
157.0,32.4665,62.3299,43.3123,54.0429,2.3836,57.3229,0.6114,38.494,78.934,91.9448,3.3907,95.0761,48.2879,9.0349,0.0,9.5343,7.4743,0.0,15.2061,4.9239,5.7658,15.2061,93.0177,NORMAL
158.0,30.4703,60.4674,43.2914,53.9801,3.1652,60.2368,0.5803,37.1613,71.2799,94.7052,3.5438,90.4642,51.8286,8.4081,0.0,12.6609,14.1307,0.0,18.15,9.5358,8.3203,18.15,90.2278,NORMAL
159.0,29.6434,61.1446,43.8858,52.9982,2.0947,59.0429,0.6112,37.3725,79.0841,90.2025,3.3717,94.2861,51.3298,7.7131,0.0,8.3788,14.479,0.0,14.8407,5.7139,6.6564,14.8407,92.1563,NORMAL
160.0,30.1368,57.7546,43.0622,52.714,2.2357,50.6716,0.6184,36.1913,76.0415,92.1003,3.675,94.6707,42.8024,7.8692,0.0,8.9428,11.6164,0.0,20.6733,5.3293,7.21,20.6733,91.1362,NORMAL
161.0,30.7085,59.1971,42.4307,52.6826,2.5049,55.8683,0.6207,40.9872,74.1507,92.0743,3.9173,92.4804,47.7611,8.1072,0.0,10.0198,10.1544,0.0,25.3324,7.5196,8.1821,25.3324,89.7913,NORMAL
162.0,34.9869,60.1705,42.6859,53.2432,2.8955,59.0616,0.6231,40.6003,76.1771,90.8553,3.7513,91.6348,48.9062,10.1554,0.0,11.5821,26.7413,0.0,22.1398,8.3652,10.5263,26.7413,87.3344,NORMAL
163.0,31.1842,59.1749,43.6018,54.2142,1.8262,58.491,0.6504,39.5558,77.1302,93.0869,3.4786,94.5808,50.4456,8.0454,0.0,7.3047,22.7371,0.0,16.8958,5.4192,8.006,22.7371,90.175,NORMAL
164.0,33.8753,61.2574,43.0068,52.9546,1.9104,60.9417,0.5877,42.4362,71.6978,93.1302,3.7414,93.6551,50.9102,10.0316,0.0,7.6415,12.9945,0.0,21.9498,6.3449,7.5216,21.9498,90.7224,NORMAL
165.0,31.8404,62.7358,43.2836,51.8219,1.583,62.3134,0.6266,38.123,78.1415,92.3066,3.6161,92.2762,53.7392,8.5742,0.0,6.3321,14.7576,0.0,19.5405,7.7238,7.3434,19.5405,91.0933,NORMAL
166.0,34.843,58.8662,43.5543,53.5177,2.5147,62.2098,0.6611,44.5735,73.6192,90.9355,4.0168,94.1309,52.5681,9.6417,0.0,10.0589,16.5541,0.0,27.2456,5.8691,9.2567,27.2456,88.5636,NORMAL
167.0,34.5383,59.2126,42.5882,53.5743,1.9968,60.1831,0.5715,38.0624,72.2456,90.8457,3.7263,90.8629,49.5752,10.6079,0.0,7.987,3.1641,0.0,21.6599,9.1371,6.3945,21.6599,91.8728,NORMAL
168.0,34.2617,60.4398,43.581,53.2675,2.327,55.7299,0.63,39.0341,75.0961,88.7526,4.2284,91.928,46.023,9.7069,0.0,9.3078,2.5812,0.0,31.3163,8.072,7.9488,31.3163,89.5459,NORMAL
169.0,34.9213,62.0307,43.2167,53.3179,2.7976,60.3465,0.6082,37.7333,80.2958,89.7727,3.5968,91.8274,50.036,10.3105,0.0,11.1905,3.1521,0.0,19.1694,8.1726,6.423,19.1694,92.0434,NORMAL
170.0,34.5692,58.571,41.7404,52.2611,2.2113,63.4064,0.6158,39.2776,80.5332,90.2695,3.9396,92.7148,53.3741,10.0323,0.0,8.8452,6.4109,0.0,25.7619,7.2852,7.4614,25.7619,90.4776,NORMAL
171.0,36.6227,60.2775,44.1264,51.5625,2.6041,59.3302,0.601,40.2072,77.265,89.1792,3.734,86.8474,48.0104,11.3198,0.0,10.4163,9.5986,0.0,21.8077,13.1526,8.2781,21.8077,89.9773,NORMAL
172.0,35.8726,62.1056,42.3548,51.5828,2.3653,64.9387,0.6243,38.3101,72.3387,92.3595,3.8904,90.6957,54.3408,10.5979,0.0,9.4612,5.7122,0.0,24.8163,9.3043,7.5524,24.8163,90.4623,NORMAL
173.0,35.299,57.8797,41.2936,50.775,2.8025,66.212,0.6858,42.0924,75.793,93.7767,3.8283,90.8413,56.6158,9.5962,0.0,11.2098,10.2477,0.0,23.6219,9.1587,8.3214,23.6219,89.7889,NORMAL
174.0,35.7194,58.2668,41.8211,52.6068,2.7138,64.3073,0.5939,39.0171,78.1654,89.5868,3.3797,95.3461,53.3786,10.9287,0.0,10.8552,9.8012,0.0,14.9948,4.6539,6.2732,14.9948,92.5272,NORMAL
175.0,38.2272,59.2385,41.8217,52.2459,2.1886,55.1727,0.5981,39.0787,77.764,92.0854,4.0043,92.3655,42.9087,12.2639,0.0,8.7545,10.7436,0.0,27.0058,7.6345,8.3369,27.0058,89.5026,NORMAL
176.0,40.652,59.0655,42.7674,51.8489,2.4241,60.9637,0.5954,36.7177,78.9334,89.3985,3.5991,90.2156,47.2252,13.7385,0.0,9.6964,20.384,0.0,19.2143,9.7844,8.9544,20.384,89.4149,NORMAL
177.0,39.0952,60.6093,42.4544,49.2928,2.9697,70.8867,0.6876,39.3697,76.5545,90.7368,3.9529,89.3287,59.4302,11.4565,0.0,11.8787,7.6885,0.0,26.0166,10.6713,8.6159,26.0166,89.3028,NORMAL
178.0,39.1052,59.8688,42.3788,50.9608,2.677,64.0143,0.6233,38.2607,75.7133,90.0304,3.6254,89.4559,51.6499,12.3644,0.0,10.7081,0.8202,0.0,19.7183,10.5441,6.3636,19.7183,92.0589,NORMAL
179.0,40.0379,57.3941,43.2215,53.2887,1.8714,60.1222,0.6378,37.3074,74.5058,92.7921,3.6655,90.8708,47.4569,12.6653,0.0,7.4855,7.686,0.0,20.4908,9.1292,6.7995,20.4908,91.5613,NORMAL
180.0,41.7961,60.0884,42.9523,51.4631,2.795,70.1956,0.6279,36.9652,70.7808,90.0275,3.7145,93.8783,56.3509,13.8446,0.0,11.1801,17.1355,0.0,21.433,6.1217,8.6348,21.433,89.6505,NORMAL
181.0,40.5654,58.7235,42.9142,52.4483,2.0119,66.9389,0.613,43.855,74.5998,93.5807,4.2398,89.6154,53.5653,13.3736,0.0,8.0477,7.3069,0.0,31.535,10.3846,8.7559,31.535,88.7213,NORMAL
182.0,39.9323,60.8932,42.9827,50.6572,3.1356,70.6159,0.6358,37.9771,76.6078,90.8187,3.79,95.1667,57.9789,12.637,0.0,12.5425,3.8097,0.0,22.8847,4.8333,6.9452,22.8847,91.224,NORMAL
183.0,42.2629,58.5589,43.1532,53.4469,3.6764,68.527,0.718,35.5817,78.7284,89.892,3.6499,94.6171,55.809,12.7179,0.0,14.7056,17.2344,0.0,20.1902,5.3829,8.9615,20.1902,89.4233,NORMAL
184.0,41.4771,58.497,40.6872,51.8246,5.4439,69.4589,0.6875,37.0901,72.4095,88.2957,4.2081,92.2904,56.738,12.7209,0.0,21.4205,5.9429,0.0,30.9241,7.7096,10.4059,30.9241,87.1201,NORMAL
185.0,43.1457,59.86,42.2428,52.2194,8.7215,69.5511,0.6217,38.3734,77.8182,90.5877,3.9588,89.8978,54.779,14.7721,0.0,31.9088,17.3203,0.0,26.1299,10.1022,13.4156,31.9088,84.0317,NORMAL
186.0,41.3272,60.0767,40.5959,54.216,12.9059,70.9246,0.6682,39.5591,81.5488,90.9511,3.7839,92.3516,58.003,12.9215,0.0,45.299,9.2404,0.0,22.7671,7.6484,13.6474,45.299,82.7286,NORMAL
187.0,39.3886,59.6504,42.5786,53.3678,18.3701,76.025,0.6254,39.5639,75.6185,88.5052,3.5888,91.1163,63.5338,12.4912,0.0,62.7844,14.4221,0.0,19.015,8.8837,16.9451,62.7844,78.0321,WATCH
188.0,39.1783,57.0423,42.5309,51.5062,23.3331,72.4565,0.5986,39.7952,75.101,91.3444,3.6862,90.4584,59.6521,12.8044,0.0,71.6665,9.2497,0.0,20.8881,9.5416,18.0578,71.6665,76.2088,WATCH
189.0,43.3567,59.664,43.4658,51.1812,29.0412,65.1428,0.6841,37.1393,77.3285,88.4705,3.5129,92.3816,51.3255,13.8173,0.0,77.9453,27.6066,0.0,17.555,7.6184,21.1147,77.9453,72.6497,WARNING
190.0,43.3734,57.7314,43.5844,51.4108,34.3924,71.5534,0.6899,39.0963,81.6766,83.8186,3.9785,89.5612,57.818,13.7354,0.0,83.8316,13.4561,0.0,26.5099,10.4388,21.764,83.8316,71.5295,WARNING
191.0,40.5903,59.2101,42.6895,52.2085,38.0964,73.9562,0.6881,36.6489,73.5365,82.9827,4.0575,96.3365,61.7216,12.2346,0.0,87.9061,10.2417,0.0,28.0292,3.6635,21.4046,87.9061,71.5629,WARNING
192.0,40.1564,57.1755,42.0491,51.556,41.4092,74.4465,0.6443,37.1467,77.008,83.8294,3.5879,96.9165,61.8154,12.6311,0.0,91.5502,4.162,0.0,18.9975,3.0835,19.5975,91.5502,73.0785,CRITICAL
193.0,42.5641,59.3768,42.9293,51.2289,43.247,69.853,0.6551,36.535,74.2563,80.8096,4.0177,91.1068,56.0207,13.8323,0.0,93.5717,19.046,0.0,27.2629,8.8932,24.1933,93.5717,68.3209,CRITICAL
194.0,38.7718,57.8316,42.0117,53.0546,44.021,74.9097,0.6843,35.9774,75.2485,84.648,3.5478,92.9329,63.5774,11.3323,0.0,94.4231,21.6635,0.0,18.2278,7.0671,23.0659,94.4231,69.3802,CRITICAL
195.0,38.8555,57.2198,42.4807,51.4369,42.9617,74.4671,0.6752,40.4657,74.8556,83.2716,4.1246,92.3141,62.9754,11.4917,0.0,93.2578,5.8537,0.0,29.3197,7.6859,22.3453,93.2578,70.194,CRITICAL
196.0,40.7832,59.576,43.3655,53.8147,42.015,79.6572,0.6534,39.6971,79.3692,83.2696,3.5796,89.5209,66.8139,12.8433,0.0,92.2165,11.8771,0.0,18.8392,10.4791,21.7301,92.2165,70.8926,CRITICAL
197.0,39.0975,58.971,41.9729,51.5703,39.1633,69.9318,0.6184,40.2553,80.4958,84.758,3.9982,92.444,57.495,12.4368,0.0,89.0796,8.9081,0.0,26.8889,7.556,21.6887,89.0796,71.185,WARNING
198.0,39.4083,57.907,43.1979,53.2298,34.6414,70.8878,0.6721,38.3621,77.2323,87.8246,3.8959,93.1012,59.064,11.8238,0.0,84.1055,1.6623,0.0,24.9217,6.8988,19.3626,84.1055,73.9089,WARNING
199.0,38.9557,60.3491,43.0813,51.7671,28.2035,71.7055,0.7029,39.8181,74.1466,86.1371,4.46,94.1924,60.5089,11.1966,0.0,77.0238,2.7235,0.0,35.7701,5.8076,19.9227,77.0238,73.9154,WARNING
200.0,39.435,58.044,41.6121,52.3385,23.8262,71.3525,0.6363,34.7225,84.8948,86.5322,3.6087,97.7668,59.003,12.3495,0.0,72.2088,4.5272,0.0,19.398,2.2332,16.3262,72.2088,77.8971,WATCH
201.0,40.7248,58.5776,43.3486,50.6171,18.7047,70.3376,0.6932,39.9513,73.9378,90.9024,3.8081,92.1424,58.1009,12.2367,0.0,63.8552,14.1714,0.0,23.2321,7.8576,17.6411,63.8552,77.2504,WATCH
202.0,38.6921,58.8294,43.1025,50.4547,12.7944,64.889,0.6859,38.559,74.0918,91.1203,4.0061,93.0278,53.6178,11.2712,0.0,44.9422,7.6308,0.0,27.0397,6.9722,13.9478,44.9422,82.4568,NORMAL
203.0,39.3016,57.7319,42.5681,51.7354,8.6964,72.027,0.7003,39.4382,70.1111,89.4448,3.7511,92.4961,60.623,11.404,0.0,31.8285,6.5826,0.0,22.1367,7.5039,10.8406,31.8285,86.6131,NORMAL
204.0,35.3932,59.0109,41.7939,52.232,4.4099,74.5777,0.7058,38.9229,79.8407,91.0402,3.4321,87.0783,65.1396,9.4381,0.0,17.6397,29.0724,0.0,16.0015,12.9217,11.4704,29.0724,86.2038,NORMAL
205.0,38.0914,57.7767,41.7113,51.252,3.3356,72.1127,0.6607,36.1672,79.7145,91.6569,3.5778,95.7073,60.8303,11.2824,0.0,13.3424,11.1895,0.0,18.8036,4.2927,7.4703,18.8036,91.0254,NORMAL
206.0,36.9119,57.8956,42.0062,49.8941,2.0214,79.5054,0.6349,35.1234,84.5016,92.2789,2.7953,93.0753,68.5021,11.0033,0.0,8.0856,11.6605,0.0,3.7549,6.9247,4.5554,11.6605,94.5118,NORMAL
207.0,36.359,59.9987,42.985,49.7896,2.5898,73.8302,0.6693,36.6731,72.4287,88.717,3.8682,95.0144,63.5373,10.293,0.0,10.3593,12.5879,0.0,24.3878,4.9856,8.1496,24.3878,89.8994,NORMAL
208.0,36.852,57.0902,41.6441,49.6927,1.7975,77.7378,0.7139,39.2046,79.9086,88.5196,3.5103,90.6529,67.6971,10.0407,0.0,7.1898,10.6558,0.0,17.5062,9.3471,6.7433,17.5062,91.8562,NORMAL
209.0,37.6752,55.4203,42.9064,49.3228,2.7443,74.7074,0.6729,39.4322,75.6489,89.6215,3.8811,91.1104,63.7951,10.9123,0.0,10.9771,8.1747,0.0,24.6372,8.8896,8.101,24.6372,89.928,NORMAL
210.0,39.5342,60.2268,41.4045,51.1711,2.961,76.4444,0.6703,35.2931,79.5952,89.4191,3.3038,91.8802,64.5285,11.9159,0.0,11.8441,10.5184,0.0,13.5354,8.1198,6.7313,13.5354,92.1859,NORMAL
211.0,36.5528,61.3324,42.3489,52.1584,2.1476,74.8285,0.6384,36.0435,71.9184,90.2399,3.9105,95.7678,64.0595,10.769,0.0,8.5903,22.0542,0.0,25.2014,4.2322,9.3086,25.2014,88.6753,NORMAL
212.0,38.66,57.7677,42.6427,50.9924,1.9884,78.1063,0.7476,36.5358,81.0592,92.832,3.4407,94.4996,67.5594,10.5469,0.0,7.9535,9.4726,0.0,16.1667,5.5004,6.0197,16.1667,92.687,NORMAL
213.0,38.1962,55.9122,44.7571,48.7184,1.5298,74.1605,0.7218,37.244,78.7171,91.3256,3.9065,90.2924,63.5588,10.6017,0.0,6.1192,6.9534,0.0,25.1258,9.7076,7.2683,25.1258,90.7216,NORMAL
214.0,38.7215,57.8476,41.3303,50.7618,2.3801,75.4573,0.7221,35.2107,77.0948,91.8692,3.5478,88.407,64.6027,10.8546,0.0,9.5205,6.3579,0.0,18.2275,11.593,6.8797,18.2275,91.6621,NORMAL
215.0,40.9384,57.8619,43.9091,50.7642,2.2383,75.0278,0.7301,35.0667,79.2073,89.059,3.3868,92.4941,63.1569,11.8709,0.0,8.9531,12.8951,0.0,15.13,7.5059,6.7778,15.13,92.0118,NORMAL
216.0,40.6886,57.9641,42.7345,52.9981,1.802,73.0074,0.7204,36.2431,74.4814,90.6803,3.668,90.7189,61.1436,11.8639,0.0,7.2082,2.3267,0.0,20.5386,9.2811,5.9743,20.5386,92.3826,NORMAL
217.0,42.2526,56.8441,42.9861,49.4207,2.7039,75.0145,0.6978,38.0352,74.2869,92.5797,3.4533,91.8233,62.0183,12.9962,0.0,10.8154,11.4756,0.0,16.4088,8.1767,7.1666,16.4088,91.5207,NORMAL
218.0,40.6502,58.8653,42.7399,50.4637,2.2975,80.4137,0.7023,35.4772,75.7092,92.6845,3.6701,90.596,68.3368,12.0769,0.0,9.1901,11.145,0.0,20.5789,9.404,7.6552,20.5789,90.6985,NORMAL
219.0,40.4166,58.7903,43.052,52.5375,2.0159,72.7943,0.6964,37.5826,70.6571,90.1074,4.0645,90.611,60.7628,12.0315,0.0,8.0637,9.546,0.0,28.1644,9.389,8.4357,28.1644,89.3112,NORMAL
220.0,41.6362,56.3603,42.5328,51.2596,2.2504,74.7429,0.7903,39.907,77.8243,91.8282,4.2767,88.8232,63.2253,11.5176,0.0,9.0018,9.0462,0.0,32.2439,11.1768,9.3875,32.2439,88.033,NORMAL
221.0,42.8778,58.9868,44.0,51.3516,2.9821,77.1212,0.7301,35.162,80.8067,95.7416,3.1535,93.0791,64.2398,12.8814,0.0,11.9283,12.5955,0.0,10.6446,6.9209,6.4508,12.5955,92.5416,NORMAL
222.0,43.3996,60.6067,42.3018,50.8824,2.7713,76.6163,0.7016,37.3285,74.218,91.3551,3.6999,91.1467,63.044,13.5723,0.0,11.0853,19.8958,0.0,21.1514,8.8533,9.3155,21.1514,88.9924,NORMAL
223.0,42.2689,58.3471,43.7539,51.078,2.4415,73.0631,0.7316,39.7667,76.3426,90.0765,3.7084,91.3916,60.5228,12.5403,0.0,9.766,23.7686,0.0,21.3153,8.6084,9.6689,23.7686,88.4296,NORMAL
224.0,44.5636,57.7347,42.1781,51.5067,2.7786,65.695,0.6894,36.8565,75.7237,91.0412,3.7416,91.1187,51.271,14.4239,0.0,11.1144,47.1031,0.0,21.9531,8.8813,13.5332,47.1031,82.6986,NORMAL
225.0,45.4162,57.9695,42.7279,49.9015,1.9776,74.1976,0.767,36.5216,77.6457,91.7493,3.6739,92.4138,60.4672,13.7304,0.0,7.9104,54.818,0.0,20.6513,7.5862,13.782,54.818,81.8325,NORMAL
226.0,49.2851,58.8801,41.8425,51.5717,2.5146,65.7769,0.7041,39.972,73.329,91.1445,3.9039,91.3954,48.7875,16.9893,0.0,10.0583,93.8611,0.0,25.0743,8.6046,20.8335,93.8611,71.6576,CRITICAL
227.0,49.0508,56.0685,43.2428,49.3041,2.5663,76.6186,0.7411,37.0089,73.806,91.3727,3.9973,87.5509,60.4452,16.1734,0.0,10.2652,89.1946,0.0,26.8703,12.4491,20.9174,89.1946,71.947,WARNING
228.0,45.8842,58.3476,44.1608,50.9897,2.2886,72.4766,0.7602,39.8066,78.4374,88.6096,3.6747,90.6048,58.399,14.0776,0.0,9.1543,81.0423,0.0,20.6682,9.3952,18.1469,81.0423,75.3697,WARNING
229.0,47.3193,57.6884,42.8185,50.8252,2.696,74.713,0.742,38.4322,75.6669,89.4816,4.0347,86.2414,59.5585,15.1545,0.0,10.7838,79.295,0.0,27.5895,13.7586,19.7928,79.295,73.8636,WARNING
230.0,11.5744,60.3826,42.7397,50.0162,2.1488,68.7401,0.7354,36.8653,82.5829,91.2286,3.5677,91.0807,67.2199,1.5202,0.0,8.5952,100.0,0.0,18.6095,8.9193,20.509,100.0,71.491,CRITICAL
231.0,10.9875,57.9661,41.9434,50.5966,2.7294,66.5084,0.7351,38.4874,75.9742,91.069,3.756,91.1106,65.0995,1.4089,0.0,10.9177,100.0,0.0,22.2304,8.8894,21.4796,100.0,70.5204,CRITICAL
232.0,10.3255,60.1879,42.7708,49.9844,2.7483,71.6551,0.7352,38.1462,73.2004,90.263,3.7969,91.8031,70.3678,1.2873,0.0,10.9933,100.0,0.0,23.0166,8.1969,21.5352,100.0,70.4648,CRITICAL
233.0,9.5734,56.875,41.5752,49.5238,1.1873,70.4668,0.7218,39.5246,79.0805,91.3848,4.2203,92.5835,69.3026,1.1642,0.0,4.7491,100.0,0.0,31.1605,7.4165,21.683,100.0,70.317,CRITICAL
234.0,8.0917,58.9188,42.2195,50.2314,3.0356,68.776,0.7278,36.364,78.6195,91.4542,3.3784,90.9698,67.8603,0.9157,0.0,12.1426,100.0,0.0,14.9697,9.0302,20.543,100.0,71.457,CRITICAL
235.0,7.0984,58.6136,43.2785,49.4713,1.1286,70.1763,0.7879,37.5213,78.4217,93.5305,3.6163,90.115,69.4318,0.7445,0.0,4.5143,100.0,0.0,19.5437,9.885,20.0806,100.0,71.9194,CRITICAL
236.0,5.8118,57.2053,44.2956,50.8893,2.2228,77.8854,0.7425,37.2944,79.9081,91.3126,3.3944,92.7206,77.3029,0.5825,0.0,8.8911,100.0,0.0,15.2772,7.2794,19.8294,100.0,72.1706,CRITICAL
237.0,51.5775,58.4804,45.6717,49.4086,2.9614,71.7371,0.7244,38.8047,73.7437,92.1467,4.2093,88.1946,53.7122,18.0249,0.0,11.8456,100.0,0.0,30.9485,11.8054,23.3822,100.0,68.6178,CRITICAL
238.0,50.635,59.7436,42.6513,51.2637,2.3572,72.0225,0.7347,35.3253,76.7816,90.3982,3.8046,88.8565,54.7813,17.2412,0.0,9.4289,76.7755,0.0,23.1662,11.1435,18.163,76.7755,75.6949,WARNING
239.0,51.6461,57.9226,44.5077,49.3642,1.8402,71.0369,0.7854,39.3893,74.9421,92.7393,3.6327,87.8886,54.094,16.9429,0.0,7.3609,79.6667,0.0,19.8587,12.1114,17.8321,79.6667,75.7945,WARNING
240.0,51.3711,56.305,43.4727,49.9743,2.0078,72.5657,0.7749,38.2682,72.0551,92.3097,3.959,84.557,55.6044,16.9613,0.0,8.0313,65.3868,0.0,26.1346,15.443,17.208,65.3868,77.561,WATCH
241.0,52.6239,58.3401,43.1555,49.9118,2.9621,67.1708,0.7736,34.6823,76.6427,93.08,3.5563,87.5451,49.4389,17.7319,0.0,11.8484,64.5349,0.0,18.3913,12.4549,16.1317,64.5349,78.7055,WATCH
242.0,50.3981,57.3056,43.72,51.8583,1.6353,61.1826,0.7513,39.7138,79.3293,93.0671,3.5188,86.9822,44.3876,16.795,0.0,6.5413,45.9129,0.0,17.669,13.0178,12.3881,45.9129,83.9388,NORMAL
243.0,50.8546,58.0067,43.4262,50.8612,3.008,66.3797,0.7785,41.7471,75.1782,92.5157,4.0537,90.9788,49.7834,16.5962,0.0,12.0322,30.2039,0.0,27.9553,9.0212,12.1314,30.2039,85.4523,NORMAL
244.0,55.8864,58.3502,43.5104,50.3178,2.4752,68.9724,0.7442,39.2647,71.4706,91.2586,4.0308,89.1793,48.5869,20.3854,0.0,9.9008,60.9121,0.0,27.5156,10.8207,16.5209,60.9121,78.6061,WATCH
245.0,51.0494,56.4334,43.0849,51.0279,1.9634,63.2133,0.758,40.0977,70.4914,92.0579,4.0388,89.3933,46.1471,17.0662,0.0,7.8537,24.6611,0.0,27.6692,10.6067,10.7342,27.6692,87.0523,NORMAL
246.0,51.2142,56.5751,42.2362,48.4226,2.2376,65.1735,0.7971,37.3977,81.2873,93.6347,3.4323,93.5586,48.6763,16.4972,0.0,8.9504,4.5068,0.0,16.006,6.4414,5.5315,16.006,93.188,NORMAL
247.0,55.1739,59.1276,42.148,50.4881,2.0422,63.2021,0.7965,33.8879,77.4961,90.2466,3.6195,90.8254,44.3399,18.8622,0.0,8.169,30.4195,0.0,19.6064,9.1746,10.1896,30.4195,87.3768,NORMAL
248.0,56.4796,57.9587,44.1687,52.5313,2.8898,69.3538,0.7431,33.5071,75.9848,90.1074,3.6154,90.8863,48.5483,20.8054,0.0,11.5592,27.8198,0.0,19.5265,9.1137,10.3559,27.8198,87.4185,NORMAL
249.0,50.5442,55.5467,43.3759,50.6696,2.8296,66.6625,0.7491,37.6906,75.348,91.7404,3.7362,89.496,49.7402,16.9222,0.0,11.3184,27.229,0.0,21.8502,10.504,10.765,27.229,87.0567,NORMAL
250.0,51.4067,59.6061,43.1333,50.6096,1.7264,65.9318,0.7803,35.9823,72.4555,92.4508,3.5838,87.1578,49.0424,16.8894,0.0,6.9055,3.4838,0.0,18.9194,12.8422,6.2647,18.9194,92.2218,NORMAL
251.0,52.1087,59.0326,43.723,51.0953,2.3184,65.4023,0.831,35.3235,81.4334,89.8417,3.8371,83.8218,48.9341,16.4683,0.0,9.2735,6.8251,0.0,23.79,16.1782,8.3481,23.79,89.7487,NORMAL
252.0,53.7342,57.8921,44.4769,51.4491,2.1116,62.9841,0.724,37.0143,75.2748,91.3859,3.4756,89.3482,43.5694,19.4146,0.0,8.4463,18.949,0.0,16.8382,10.6518,8.2505,18.949,90.2335,NORMAL
253.0,49.5964,57.213,43.9706,48.5635,3.0821,63.2452,0.7921,38.3589,79.9915,91.1339,3.7042,88.1245,47.5884,15.6568,0.0,12.3283,21.8077,0.0,21.2354,11.8755,10.1897,21.8077,88.0657,NORMAL
254.0,50.2842,59.8422,43.2652,48.887,1.8925,58.6529,0.7447,34.2108,77.7864,87.1531,3.5576,88.8708,41.8085,16.8444,0.0,7.5698,3.5883,0.0,18.4156,11.1292,6.1071,18.4156,92.4196,NORMAL
255.0,51.3564,59.306,45.0073,50.789,3.2219,55.2047,0.7692,36.208,81.0813,90.852,3.8714,89.5211,38.154,17.0507,0.0,12.8876,8.8744,0.0,24.4491,10.4789,8.6914,24.4491,89.3527,NORMAL
256.0,50.5138,61.7948,45.3734,49.8741,2.485,61.7702,0.7796,40.1156,75.9215,91.1387,3.6327,88.9223,45.3899,16.3803,0.0,9.9401,4.491,0.0,19.8605,11.0777,6.8705,19.8605,91.5407,NORMAL
257.0,49.0173,59.4904,44.4463,51.9124,1.9771,61.8487,0.7801,34.9363,79.8865,91.2444,3.2945,90.6151,46.3325,15.5162,0.0,7.9085,9.3613,0.0,13.3563,9.3849,6.0118,13.3563,92.9197,NORMAL
258.0,49.0024,59.5033,44.9272,50.2975,2.1952,64.0629,0.779,38.8182,77.8536,94.3489,3.3894,88.1517,48.5372,15.5258,0.0,8.7809,1.7535,0.0,15.1811,11.8483,5.6065,15.1811,93.179,NORMAL
259.0,46.923,58.8911,45.2188,48.6915,2.1393,64.7097,0.7975,36.1018,78.7071,89.0978,3.6899,86.9577,50.5928,14.1168,0.0,8.5571,18.6717,0.0,20.959,13.0423,9.174,20.959,89.1493,NORMAL
260.0,48.1895,60.1263,45.1688,49.3723,1.9264,64.2689,0.5834,38.1564,77.0181,89.9269,3.4417,92.2615,45.2686,19.0004,0.0,7.7057,8.2504,0.0,16.186,7.7385,6.0659,16.186,92.6392,NORMAL
261.0,47.8468,59.9525,44.7555,47.906,2.5427,56.1315,0.5578,39.2539,74.8148,86.2162,3.8837,88.138,36.6691,19.4624,0.0,10.1707,5.0325,0.0,24.6867,11.862,7.8572,24.6867,90.1679,NORMAL
262.0,48.2675,60.762,44.7929,50.4378,1.9474,57.6393,0.6273,38.5371,81.5607,90.6097,3.1065,88.2016,39.6823,17.957,0.0,7.7898,1.577,0.0,9.7406,11.7984,4.5351,11.7984,94.521,NORMAL
263.0,46.9175,58.6933,44.7741,50.5008,1.5188,59.7122,0.6288,38.8691,72.9542,90.8746,3.9406,89.7929,42.6857,17.0266,0.0,6.0753,11.0048,0.0,25.7811,10.2071,8.0334,25.7811,89.9042,NORMAL
264.0,48.1408,58.8568,43.3712,50.283,2.3291,65.4471,0.6337,34.7447,77.4201,90.4676,3.4488,84.5223,47.7211,17.726,0.0,9.3166,4.4298,0.0,16.323,15.4777,6.7173,16.323,91.9769,NORMAL
265.0,48.7203,58.866,45.0423,51.8057,1.6887,61.8776,0.5644,39.2733,75.5499,93.8438,3.3927,91.9581,41.9543,19.9233,0.0,6.7549,5.3849,0.0,15.2439,8.0419,5.3601,15.2439,93.4204,NORMAL
266.0,47.3804,60.4529,43.2447,51.9455,2.1615,60.3877,0.6218,35.3398,78.3646,93.2457,3.7025,90.3831,42.8988,17.4889,0.0,8.6461,7.6387,0.0,21.2019,9.6169,7.162,21.2019,91.1419,NORMAL
267.0,47.556,61.3663,43.8033,50.5979,2.0909,55.4651,0.6353,37.5643,74.9346,91.6957,3.4457,89.3426,38.163,17.3021,0.0,8.3636,2.0203,0.0,16.2641,10.6574,5.606,16.2641,93.0929,NORMAL
268.0,47.0803,59.0833,45.7456,48.6558,2.108,53.5852,0.5863,37.5629,77.1678,90.795,3.8593,96.3445,35.4479,18.1374,0.0,8.4318,4.8785,0.0,24.2181,3.6555,6.4787,24.2181,91.5838,NORMAL
269.0,46.9906,59.1911,45.3828,51.431,3.4004,58.2158,0.6197,38.0188,75.5256,93.3043,3.5275,90.4197,40.9397,17.276,0.0,13.6017,4.8109,0.0,17.8362,9.5803,7.0373,17.8362,91.5358,NORMAL
270.0,46.0073,60.1458,46.0198,51.3932,2.5254,43.7848,0.6181,37.7257,71.4094,91.4049,4.2257,91.3851,27.1232,16.6616,0.0,10.1015,13.2265,0.0,31.2638,8.6149,9.7372,31.2638,87.7617,NORMAL
271.0,47.5294,59.5434,44.4915,51.1724,2.6104,44.7235,0.6791,35.3684,77.1739,89.7892,3.7821,91.8041,28.3401,16.3834,0.0,10.4417,8.0952,0.0,22.7334,8.1959,7.6102,22.7334,90.5711,NORMAL
272.0,47.0597,61.0514,43.754,51.8706,1.7006,41.6686,0.6837,34.3617,74.2664,88.1934,3.503,89.3463,25.6623,16.0062,0.0,6.8025,6.3537,0.0,17.3652,10.6537,6.1664,17.3652,92.4444,NORMAL
273.0,50.2749,57.2786,44.6299,49.7514,2.2057,39.0231,0.5782,38.8126,70.4956,90.6321,3.7772,88.0097,18.3411,20.682,0.0,8.8229,21.8597,0.0,22.6391,11.9903,9.8399,22.6391,88.3489,NORMAL
274.0,49.7326,59.0617,44.9937,52.953,2.5969,41.6578,0.7052,37.4471,76.6828,92.938,3.7604,89.6447,24.4099,17.2478,0.0,10.3875,8.8035,0.0,22.3158,10.3553,7.8996,22.3158,90.3152,NORMAL
275.0,48.2893,59.1889,45.0286,50.0138,2.039,39.3883,0.605,39.383,76.9228,96.1045,3.5469,92.0642,20.8776,18.5107,0.0,8.1558,5.6412,0.0,18.209,7.9358,6.0984,18.209,92.4449,NORMAL
276.0,46.9309,57.4187,46.0337,51.7524,2.9086,37.577,0.6641,37.0046,78.0381,91.4833,3.5692,90.5069,21.2741,16.303,0.0,11.6345,12.8816,0.0,18.6375,9.4931,8.0313,18.6375,90.4777,NORMAL
277.0,46.7187,59.1231,44.7443,49.3467,1.9588,36.2168,0.6659,34.2948,79.2977,90.0384,3.7665,88.031,20.0819,16.1349,0.0,7.8351,10.873,0.0,22.433,11.969,7.9885,22.433,90.2169,NORMAL
278.0,50.2433,59.2587,45.4424,50.1356,2.3711,36.6118,0.609,39.0497,69.8014,89.1084,3.898,92.0867,16.8219,19.7899,0.0,9.4845,19.0251,0.0,24.9617,7.9133,9.4096,24.9617,88.5935,NORMAL
279.0,49.2615,60.1941,44.2921,52.615,2.2363,33.9286,0.6558,36.3902,72.6331,92.6119,3.7519,92.724,15.9557,17.9729,0.0,8.9451,3.8216,0.0,22.152,7.276,6.5113,22.152,91.7165,NORMAL
280.0,49.8971,61.8505,45.6434,50.8715,2.5739,34.56,0.6399,37.8296,82.0321,87.9045,3.8283,88.6848,15.7938,18.7663,0.0,10.2958,4.2282,0.0,23.6208,11.3152,7.5217,23.6208,90.5887,NORMAL
281.0,47.1223,60.3014,45.2973,52.0069,2.2118,32.8951,0.6619,35.8666,73.7944,92.6141,3.8455,93.8887,16.4288,16.4663,0.0,8.8471,23.0423,0.0,23.9528,6.1113,9.5262,23.9528,88.5576,NORMAL
282.0,51.206,59.44,44.6761,51.4395,2.3781,31.5388,0.6543,40.4673,76.8363,93.1122,3.7171,90.0282,12.2216,19.3172,0.0,9.5124,20.6399,8.0836,21.4818,9.9718,11.1252,21.4818,87.1563,NORMAL
283.0,50.8844,60.6912,45.1952,51.134,2.3937,30.3808,0.6853,35.444,75.0527,92.3459,3.5495,91.7163,11.9885,18.3923,0.0,9.575,4.3963,9.1434,18.2597,8.2837,8.2143,18.2597,90.3249,NORMAL
284.0,49.0267,62.1019,45.2981,52.6401,2.1695,29.0015,0.6537,36.542,76.8914,91.0834,3.256,89.8789,11.1374,17.8641,0.0,8.6781,12.4969,13.0117,12.615,10.1211,9.4453,13.0117,89.5138,NORMAL
285.0,50.2414,59.7561,45.2771,51.0779,2.7183,29.1633,0.6485,37.4527,74.3701,92.5319,3.489,90.3293,10.3669,18.7964,0.0,10.8732,5.1059,16.5143,17.0967,9.6707,10.1434,17.0967,88.4889,NORMAL
286.0,51.5727,59.9198,47.1708,49.5729,2.6073,26.1935,0.6885,35.0758,78.9528,91.7683,3.5485,88.072,7.4189,18.7745,0.0,10.4291,9.2231,29.9139,18.2407,11.928,14.0874,29.9139,83.5195,NORMAL
287.0,51.5555,61.7688,45.5443,50.5904,2.4601,24.3781,0.675,37.9448,76.4735,89.9025,3.7237,84.7816,5.3127,19.0654,0.0,9.8405,2.842,39.4879,21.6102,15.2184,16.0704,39.4879,80.7706,NORMAL
288.0,51.3234,60.9196,45.4696,51.9857,2.3063,25.5556,0.6816,40.5326,73.6314,95.1934,3.8172,89.6955,6.7933,18.7623,0.0,9.2252,2.1068,32.7578,23.4069,10.3045,14.0727,32.7578,83.3067,NORMAL
289.0,51.8051,62.0501,43.8575,51.8717,2.8584,24.5136,0.6417,36.3542,73.5807,90.6678,3.9879,89.0758,4.4689,20.0447,0.0,11.4338,5.3733,43.3234,26.69,10.9242,17.8622,43.3234,78.672,NORMAL
290.0,51.7776,61.3452,44.9963,49.9517,2.3939,23.3038,0.6323,38.1531,76.779,93.0249,3.3916,86.9823,3.0336,20.2702,0.0,9.5755,3.0299,49.8474,15.2234,13.0177,17.0466,49.8474,78.9656,NORMAL
291.0,52.4834,62.2928,45.6201,50.8378,2.362,22.1724,0.6486,31.893,74.9668,86.6431,3.5868,90.9912,1.8264,20.346,0.0,9.4479,2.5503,55.3345,18.977,9.0088,18.2797,55.3345,77.2936,NORMAL
292.0,54.4249,60.2986,45.2952,51.0247,2.5471,20.3853,0.649,37.3444,77.5978,93.9926,3.5983,84.4459,-1.3435,21.7288,0.0,10.1884,11.8544,69.7432,19.1987,15.5541,23.792,69.7432,70.6286,WATCH
293.0,48.819,61.6168,47.2115,51.286,3.2635,20.4345,0.6932,36.828,84.4117,94.2196,3.1329,88.9311,3.5224,16.9121,0.0,13.0539,49.7727,47.6252,10.2483,11.0689,23.1306,49.7727,72.8876,WATCH
294.0,52.0785,61.4698,45.8747,50.3214,1.8968,18.5427,0.7008,35.8504,80.9933,91.6424,3.7609,87.2162,-0.294,18.8366,0.0,7.5874,32.1205,64.9725,22.3244,12.7838,25.5079,64.9725,69.2943,WATCH
295.0,52.6033,60.3554,47.2376,51.1156,2.8464,17.0423,0.6688,39.685,77.4874,92.4913,3.9139,88.3311,-2.8821,19.9244,0.0,11.3857,27.1266,76.7369,25.2679,11.6689,28.3298,76.7369,65.5312,WARNING
296.0,52.6637,60.0308,46.1882,51.0629,1.6481,16.1587,0.7183,36.9057,76.2428,92.7545,3.6879,88.6631,-2.6835,18.8422,0.0,6.5923,32.5062,75.834,20.922,11.3369,27.3881,75.834,66.5452,WATCH
297.0,51.5681,62.8229,46.2206,52.6112,2.5978,17.4324,0.7183,37.2408,70.5426,90.1429,4.317,88.5294,-0.7079,18.1403,0.0,10.3911,40.761,66.854,33.0193,11.4706,29.2481,66.854,65.4036,WATCH
298.0,49.4151,61.6725,46.1612,52.6978,3.2088,12.618,0.6865,36.8804,72.5434,92.3883,3.4344,91.5899,-4.8031,17.421,0.0,12.8351,54.8865,85.4686,16.0465,8.4101,32.7947,85.4686,60.3678,WARNING
299.0,52.0662,60.961,46.2983,51.7927,2.7199,13.7939,0.6564,33.8416,81.6349,89.7844,3.3909,87.4582,-6.0645,19.8584,0.0,10.8796,42.4214,91.2025,15.2087,12.5418,32.2157,91.2025,60.4881,CRITICAL
300.0,71.7058,62.1669,47.8952,51.5969,2.5768,10.5562,0.7301,35.4533,74.7404,90.2156,3.7732,83.5124,-22.1181,32.6743,0.0,10.3071,100.0,100.0,22.5611,16.4876,44.3405,100.0,47.6595,CRITICAL
301.0,69.5703,63.731,44.3137,52.1801,2.2478,11.0682,0.6829,39.6829,73.2354,93.7594,3.621,87.8858,-21.6366,32.7049,0.0,8.9912,64.3799,100.0,19.6344,12.1142,37.7807,100.0,54.2193,CRITICAL
302.0,75.3092,59.7359,44.6526,51.2756,2.514,9.684,0.6903,33.5857,77.397,93.3962,3.4799,85.956,-27.8558,37.5399,0.0,10.0559,100.0,100.0,16.9219,14.044,43.1023,100.0,48.8977,CRITICAL
303.0,75.9769,60.7727,46.0173,50.998,2.3866,6.9738,0.6782,36.3194,73.5597,90.0622,3.5343,83.6545,-31.778,38.7518,0.0,9.5463,93.8809,100.0,17.9682,16.3455,42.5414,100.0,49.4586,CRITICAL
304.0,78.6463,61.5574,46.5711,51.2579,2.1463,8.389,0.6634,37.1006,72.7374,90.0607,3.9937,82.1041,-33.7374,42.1264,0.0,8.5852,100.0,100.0,26.8019,17.8959,44.8953,100.0,47.1047,CRITICAL
305.0,79.5155,64.5148,47.2304,51.6174,2.3696,45.596,0.6478,41.4368,74.4451,90.1875,4.2058,80.1088,1.6922,43.9039,0.0,9.4782,100.0,55.9447,30.8807,19.8912,36.247,100.0,55.753,CRITICAL
306.0,47.945,63.1973,47.086,51.1434,2.5893,51.5502,0.7126,39.5377,72.7196,92.8956,3.9213,87.7773,35.5351,16.0151,0.0,10.3571,100.0,0.0,25.409,12.2227,22.2929,100.0,69.7071,CRITICAL
307.0,49.6281,63.876,46.3648,52.5243,2.1548,49.7692,0.6719,36.9387,74.2627,89.526,3.3906,90.1494,31.9066,17.8626,0.0,8.619,36.881,0.0,15.2039,9.8506,10.6121,36.881,86.4375,NORMAL
308.0,47.9946,61.6843,47.6776,53.1479,2.1372,43.8868,0.75,40.7162,72.5556,92.2432,3.7283,88.7925,28.4751,15.4117,0.0,8.5487,42.4883,0.0,21.6982,11.2075,12.6431,42.4883,83.9578,NORMAL
309.0,48.9563,61.8065,47.737,50.8877,1.8879,49.5816,0.6662,36.6818,78.1607,93.0784,3.6608,85.7078,32.0341,17.5475,0.0,7.5516,32.6541,0.0,20.3997,14.2922,11.1609,32.6541,86.2268,NORMAL
310.0,47.5183,63.785,47.0243,52.5572,2.6758,48.6859,0.6628,40.2383,74.4036,91.2348,3.8917,86.182,31.9876,16.6983,0.0,10.7033,32.8439,0.0,24.8413,13.818,12.3789,32.8439,84.9936,NORMAL
311.0,45.8159,63.4154,47.7733,52.3699,2.7454,56.3308,0.7175,36.024,76.0101,93.4161,2.9787,90.9342,41.643,14.6878,0.0,10.9816,34.7469,0.0,7.2833,9.0658,9.3321,34.7469,87.8881,NORMAL
312.0,46.9719,64.1018,47.2,52.9898,2.6042,46.7245,0.7497,41.4116,75.7498,90.8184,4.1795,89.8662,31.8882,14.8363,0.0,10.417,17.4501,0.0,30.3752,10.1338,10.4645,30.3752,87.1055,NORMAL
313.0,44.4779,63.3161,46.4963,52.6943,2.9343,47.7518,0.7074,38.9777,74.231,90.9267,3.8763,91.0941,33.6643,14.0875,0.0,11.7373,25.4053,0.0,24.5447,8.9059,10.802,25.4053,87.1656,NORMAL
314.0,44.3646,63.973,47.6762,51.3132,2.5395,55.6623,0.7242,38.2595,73.8,89.4868,3.6949,89.2691,41.893,13.7694,0.0,10.1582,7.1158,0.0,21.0559,10.7309,7.4509,21.0559,90.8646,NORMAL
315.0,42.1472,63.927,47.1935,51.5645,2.6764,56.6726,0.8533,40.4103,74.8187,93.4455,4.0284,88.8655,45.5586,11.114,0.0,10.7056,15.576,0.0,27.47,11.1345,9.8877,27.47,87.9147,NORMAL
316.0,42.0325,64.7685,47.1404,52.9169,2.6367,50.6501,0.8898,41.9289,74.45,89.8869,3.8556,93.4354,39.923,10.7271,0.0,10.5469,6.2135,0.0,24.1464,6.5646,7.3762,24.1464,90.6921,NORMAL
317.0,40.3649,64.9015,48.5093,53.9773,2.4588,51.284,0.8795,40.916,72.1055,92.1586,3.817,93.468,41.1954,10.0887,0.0,9.8352,16.4278,0.0,23.4037,6.532,8.6646,23.4037,89.4631,NORMAL
318.0,42.1584,62.0871,45.0217,50.7959,2.2611,55.3364,0.8564,43.5463,71.3598,91.3599,4.2173,93.0034,44.2467,11.0896,0.0,9.0445,7.7729,0.0,31.1021,6.9966,8.5194,31.1021,88.9924,NORMAL
319.0,38.5891,61.4319,45.9947,53.4179,3.4964,46.8254,0.9183,41.8069,69.1791,89.1252,4.5999,90.6329,37.7679,9.0575,0.0,13.9855,25.9158,0.0,38.4589,9.3671,13.5424,38.4589,83.3809,NORMAL
320.0,40.8378,65.4283,46.2447,54.3243,2.2966,48.5534,0.8489,44.7497,67.3823,90.2765,4.7237,88.434,37.9916,10.5617,0.0,9.1865,9.134,0.0,40.8403,11.566,10.8542,40.8403,85.8786,NORMAL
321.0,39.0206,65.7488,47.0278,53.0447,2.2004,53.6358,0.878,44.9311,71.8716,94.2817,4.1685,89.4303,44.1061,9.5297,0.0,8.8014,12.9163,0.0,30.1638,10.5697,9.5283,30.1638,88.0586,NORMAL
322.0,40.5166,63.1959,47.1666,53.8113,2.6953,59.479,0.903,44.4642,70.771,91.8103,4.2877,87.2561,49.516,9.9631,0.0,10.7812,8.783,0.0,32.4557,12.7439,9.8724,32.4557,87.5311,NORMAL
323.0,39.5641,62.2858,46.0793,52.6218,2.6133,53.8834,0.8956,44.2442,70.5704,89.4068,4.4341,93.5957,44.2623,9.6211,0.0,10.4533,4.1747,0.0,35.2719,6.4043,8.8153,35.2719,88.3629,NORMAL
324.0,40.7462,64.733,46.5887,53.2698,1.8678,55.8639,0.9338,45.9726,68.997,92.1997,4.0269,87.9731,46.0423,9.8217,0.0,7.4714,13.082,0.0,27.4413,12.0269,9.0663,27.4413,88.7384,NORMAL
325.0,38.9545,65.8275,46.7392,51.8328,3.0052,59.3419,0.9325,47.3143,67.4055,91.0466,4.5982,89.9326,50.2368,9.1051,0.0,12.0208,7.4827,0.0,38.4264,10.0674,10.5222,38.4264,86.4036,NORMAL
326.0,35.5149,66.9635,49.7635,51.1743,2.4576,62.6488,0.95,50.8832,67.5331,98.3674,4.2168,86.9685,54.961,7.6878,0.0,9.8304,26.9972,0.0,31.0929,13.0315,12.2594,31.0929,85.2532,NORMAL
327.0,37.4566,65.5216,49.2104,54.5267,2.0001,54.9931,0.9486,49.1859,68.638,92.1302,4.5329,93.0968,46.5751,8.418,0.0,8.0003,11.0359,0.0,37.1718,6.9032,9.7913,37.1718,87.2349,NORMAL
328.0,35.7938,64.5511,47.2545,52.6646,3.035,57.0758,0.95,49.8082,67.9809,90.5711,4.5137,89.3802,49.2864,7.7895,0.0,12.1398,17.4324,0.0,36.8023,10.6198,11.8414,36.8023,85.2145,NORMAL
329.0,36.6416,64.0201,47.3332,53.26,2.7816,63.0019,0.9285,54.5839,62.615,94.2281,4.9597,87.7783,54.7707,8.2312,0.0,11.1262,10.6554,0.0,45.3792,12.2217,12.217,45.3792,84.1526,NORMAL
330.0,39.4622,65.1999,46.6607,52.3953,1.931,53.3847,0.9389,49.9912,68.6832,87.8931,4.6591,87.7379,44.1216,9.2631,0.0,7.7238,16.9873,0.0,39.598,12.2621,11.6683,39.598,85.1639,NORMAL
331.0,38.2625,64.9208,46.0114,52.4383,3.7061,61.4551,0.9464,50.4826,64.6772,91.3733,4.008,93.6813,52.7143,8.7408,0.0,14.8244,6.0133,0.0,27.077,6.3187,8.5127,27.077,89.3211,NORMAL
332.0,36.4564,64.1551,47.6563,53.7412,4.3779,55.7434,0.9365,51.4769,65.1472,95.0257,4.6348,92.3804,47.6306,8.1128,0.0,17.5116,13.6056,0.0,39.1316,7.6196,12.1932,39.1316,84.6763,NORMAL
333.0,36.1186,67.9243,46.8953,53.2525,5.8933,59.5362,0.9215,48.6082,64.9771,90.4711,4.7594,91.6264,51.4607,8.0755,0.0,22.8586,10.0036,0.0,41.5264,8.3736,13.0355,41.5264,83.6424,NORMAL
334.0,37.721,67.7001,47.7481,54.4272,8.8745,58.9352,0.9247,50.2972,63.8384,86.581,4.9565,87.8785,50.2639,8.6713,0.0,32.3983,6.4151,0.0,45.3182,12.1215,15.1754,45.3182,81.1991,NORMAL
335.0,36.1391,67.0127,46.4144,54.5693,10.691,57.2264,0.9112,50.7332,60.3829,88.8561,4.9036,87.6135,49.0802,8.1463,0.0,38.2113,15.0916,0.0,44.3005,12.3865,17.3341,44.3005,79.1218,NORMAL
336.0,37.0955,64.6352,47.1981,54.5052,13.0001,57.5912,0.9495,53.6029,63.1649,92.049,5.2171,87.5308,49.3157,8.2755,0.0,45.6003,8.4997,0.0,50.3282,12.4692,18.5758,50.3282,77.3979,NORMAL
337.0,38.6854,66.8564,48.0459,54.4908,14.7825,61.8118,0.9352,52.5231,69.7262,89.5,4.7276,90.744,52.8316,8.9802,0.0,51.3039,8.099,0.0,40.9159,9.256,17.5938,51.3039,78.3019,NORMAL
338.0,40.0952,66.6874,48.2692,55.8979,16.8579,64.4126,0.9191,53.7133,59.2419,86.6136,5.2683,86.5464,54.7497,9.6629,0.0,57.9452,13.0723,0.0,51.3132,13.4536,21.6361,57.9452,73.7283,WATCH
339.0,39.5696,66.5396,48.3418,53.3206,17.6122,61.481,0.9202,56.1788,59.2197,86.7548,5.509,86.0269,52.0415,9.4395,0.0,60.359,6.8295,0.0,55.9421,13.9731,21.913,60.359,73.2583,WATCH
340.0,35.7544,67.5961,46.8032,54.4015,17.4043,62.525,0.9048,56.2989,57.2936,87.0516,5.4223,89.964,54.4854,8.0395,0.0,59.6938,28.7086,0.0,54.2748,10.036,24.3425,59.6938,70.882,WATCH
341.0,39.633,66.9461,48.7854,55.6574,16.2406,64.4721,0.95,54.8194,57.4655,89.1495,5.0052,88.8369,55.2172,9.2549,0.0,55.9698,17.6312,0.0,46.2545,11.1631,20.8998,55.9698,74.6226,WATCH
342.0,39.5471,67.158,47.3196,55.8577,15.1381,60.2867,0.9454,54.3747,63.4256,91.346,4.3675,86.2346,51.0345,9.2521,0.0,52.4419,2.1469,0.0,33.9896,13.7654,16.3273,52.4419,79.4773,NORMAL
343.0,40.2545,67.1197,48.6321,53.2398,12.9813,65.8619,0.9181,58.5587,54.692,91.249,5.296,88.9883,56.1253,9.7366,0.0,45.5402,6.9666,0.0,51.8459,11.0117,18.4036,51.8459,77.4488,NORMAL
344.0,42.151,66.849,48.0747,54.4177,10.0193,66.5399,0.95,58.411,55.0266,90.7078,5.5673,89.237,56.2576,10.2823,0.0,36.0617,19.7116,0.0,57.0639,10.763,19.509,57.0639,75.9259,NORMAL
345.0,37.1929,64.3834,46.8663,56.1567,7.4965,72.3289,0.929,54.2274,53.1194,87.6875,5.2974,87.1984,63.89,8.4389,0.0,27.9889,31.2491,0.0,51.8726,12.8016,19.2813,51.8726,76.5689,NORMAL
346.0,39.4223,66.7069,47.8402,55.3753,6.1522,63.8224,0.9045,57.3919,53.9559,87.9906,5.6547,90.9187,54.3273,9.4952,0.0,23.6871,11.1649,0.0,58.7449,9.0813,16.1905,58.7449,79.1099,WATCH
347.0,41.2168,66.021,48.4725,55.131,2.9106,64.0052,0.95,58.9291,50.1338,92.4262,5.5722,89.0107,54.1102,9.895,0.0,11.6424,11.8838,0.0,57.1578,10.9893,14.2257,57.1578,81.2016,NORMAL
348.0,38.2826,65.2334,48.7131,54.7865,2.9988,68.1104,0.9322,60.7372,56.071,88.6493,5.8173,89.2482,59.269,8.8414,0.0,11.9952,19.7934,0.0,61.8708,10.7518,16.1978,61.8708,78.8526,WATCH
349.0,42.6349,68.8673,48.0514,54.6889,2.2849,68.6796,0.9368,61.5827,61.8955,91.0462,5.2265,87.5525,58.0881,10.5915,0.0,9.1395,28.5753,0.0,50.5088,12.4475,15.4151,50.5088,80.5442,NORMAL
350.0,41.1176,69.0027,49.5728,55.4293,3.0887,65.0301,0.95,60.9149,52.3527,91.9288,5.67,90.3257,55.1758,9.8543,0.0,12.3548,9.9809,0.0,59.0381,9.6743,14.2045,59.0381,81.0725,WATCH
351.0,41.78,68.6368,49.1158,54.957,2.2779,65.8325,0.95,62.1038,47.6291,89.2237,5.9838,90.4494,55.7049,10.1276,0.0,9.1118,10.534,0.0,65.0729,9.5506,14.6868,65.0729,80.1073,WATCH
352.0,39.7462,67.3887,47.992,55.2351,2.7968,69.0652,0.95,61.6493,55.1962,89.3362,5.9139,89.5189,59.7652,9.2999,0.0,11.1871,9.1362,0.0,63.7297,10.4811,14.7267,63.7297,80.1749,WATCH
353.0,41.5923,68.7788,48.911,55.4244,2.3214,65.3513,0.916,60.7626,50.3638,91.3011,5.2745,86.7568,55.0357,10.3156,0.0,9.2856,14.3399,0.0,51.4325,13.2432,13.5479,51.4325,82.3375,NORMAL
354.0,41.8129,67.247,49.9883,54.7357,2.5512,66.9868,0.95,62.1786,55.5238,92.446,5.3956,83.4686,56.8455,10.1412,0.0,10.2047,11.2445,0.0,53.7612,16.5314,14.007,53.7612,81.6921,NORMAL
355.0,40.4635,67.5492,50.0232,56.0137,2.8316,68.8629,0.9387,63.3314,49.9714,93.5001,5.8956,91.7405,59.1933,9.6696,0.0929,11.3263,8.6906,0.0,63.3767,8.2595,14.3772,63.3767,80.5527,WATCH
356.0,40.2434,66.0659,47.1635,58.4635,2.2918,71.9487,0.95,63.818,48.3936,92.7099,6.1514,89.1604,62.4495,9.4991,0.0,9.1674,3.7757,0.0,68.2964,10.8396,14.353,68.2964,80.1833,WATCH
357.0,40.0302,67.9254,47.4438,53.8397,2.9484,67.5042,0.95,60.7116,50.7358,91.4987,5.6811,91.4116,58.0908,9.4134,0.0,11.7938,4.3567,0.0,59.2525,8.5884,13.1695,59.2525,82.0903,WATCH
358.0,38.14,67.5913,49.6221,56.008,2.0528,64.138,0.8879,64.2847,51.7182,90.056,5.7365,84.4687,55.0463,9.0917,0.0,8.2113,11.6081,0.0,60.3171,15.5313,14.6516,60.3171,80.523,WATCH
359.0,38.8023,66.0242,47.3402,54.9908,2.6326,64.252,0.95,65.7905,47.8061,89.279,6.197,89.2609,55.3245,8.9275,0.0,10.5303,2.8459,0.0,69.173,10.7391,14.5734,69.173,79.8928,WATCH
360.0,38.4215,67.5932,47.1084,56.3952,2.9152,66.5492,0.95,65.7152,46.7057,90.3369,6.2228,89.3836,57.7699,8.7793,0.0,11.6608,1.3731,0.0,69.6696,10.6164,14.6094,69.6696,79.817,WATCH
361.0,38.7676,67.625,47.8662,55.9309,2.797,66.7021,0.95,66.3857,46.9937,92.2045,5.9129,90.2452,57.7882,8.9139,0.0,11.1881,5.0262,0.0,63.7098,9.7548,14.02,63.7098,80.8832,WATCH
362.0,39.1999,69.9425,48.686,56.7125,3.3624,70.4802,0.95,68.4582,42.5801,91.9335,6.3211,87.699,61.3967,9.0835,0.0,13.4496,8.6424,0.0,71.5598,12.301,16.5085,71.5598,77.7667,WATCH
363.0,35.8654,68.9219,48.2188,57.1921,2.1565,67.6675,0.9267,65.9287,48.3251,87.3258,6.3407,89.1931,59.7176,7.9498,0.0,8.6258,19.6766,0.0,71.9366,10.8069,17.2246,71.9366,77.0205,WATCH
364.0,36.7022,67.9247,47.7276,56.2747,1.8794,69.4033,0.95,65.4363,41.6566,90.0152,6.6221,88.6605,61.2781,8.1252,0.0,7.5175,4.4214,0.0,77.3474,11.3395,15.6775,77.3474,78.1347,WARNING
365.0,38.4687,68.2703,47.7075,57.2797,2.0525,69.4537,0.9363,43.1403,72.5487,93.9575,4.1588,91.2035,60.5666,8.8871,0.0,8.2102,15.7064,0.0,29.9777,8.7965,9.6037,29.9777,87.9981,NORMAL
366.0,34.8639,68.0842,47.6734,53.8684,2.7972,70.7054,0.95,45.5106,75.1637,91.543,4.0976,93.6513,63.2525,7.4529,0.0,11.1888,20.3594,0.0,28.7996,6.3487,10.3258,28.7996,87.3703,NORMAL
367.0,34.2622,67.8457,47.5222,57.8677,2.7241,76.2317,0.9204,47.5045,72.9572,88.5667,4.3382,87.8958,68.8365,7.3952,0.0,10.8963,10.3133,0.0,33.4264,12.1042,10.2001,33.4264,87.1258,NORMAL
368.0,35.2087,66.8469,50.3655,56.7166,2.546,74.4732,0.9395,45.8422,74.5172,96.1515,4.1006,91.3151,66.8391,7.6341,1.4622,10.1841,4.3545,0.0,28.8572,8.6849,8.307,28.8572,89.3844,NORMAL
369.0,35.6289,68.0198,48.5772,57.4833,1.9947,72.7445,0.9388,41.4914,74.3785,91.5033,3.9103,87.8756,64.9526,7.7919,0.0,7.9787,4.0253,0.0,25.1983,12.1244,7.4468,25.1983,90.5373,NORMAL
370.0,33.9987,67.3595,49.104,55.249,2.8451,71.5071,0.95,44.1145,76.9812,92.1427,3.984,91.114,64.3609,7.1462,0.0,11.3804,9.4564,0.0,26.6147,8.886,8.6778,26.6147,89.193,NORMAL
371.0,35.3993,66.8068,47.8613,55.7012,1.9489,71.7697,0.95,45.2451,75.7711,92.3703,3.7955,93.1558,64.1238,7.6458,0.0,7.7955,10.4083,0.0,22.9896,6.8442,7.3861,22.9896,90.7747,NORMAL
372.0,34.3196,68.9716,48.1287,56.7405,3.0215,74.2166,0.95,45.2411,74.3372,90.6001,4.4202,91.7673,66.9574,7.2592,0.0,12.0861,5.4804,0.0,35.0038,8.2327,9.4652,35.0038,87.7345,NORMAL
373.0,33.9101,68.8771,47.6476,56.6396,3.7858,75.1344,0.9193,46.1199,75.4123,89.712,3.9143,88.1197,67.8601,7.2743,0.0,15.1434,2.8301,0.0,25.2758,11.8803,8.4687,25.2758,89.5093,NORMAL
374.0,33.1538,66.3115,45.8961,57.0014,2.6649,70.792,0.95,43.3639,76.0384,95.6571,3.7339,93.3156,63.9394,6.8526,0.0,10.6596,3.2732,0.0,21.8065,6.6844,6.5943,21.8065,91.6612,NORMAL
375.0,35.3225,68.3548,47.0344,57.864,2.7624,73.7415,0.9376,45.4859,71.5775,93.3987,4.1744,90.2641,66.055,7.6865,0.0,11.0496,20.5283,0.0,30.2762,9.7359,10.9702,30.2762,86.6077,NORMAL
376.0,31.5055,69.7418,46.6361,55.075,2.2782,67.6384,0.95,46.356,68.4988,93.1427,4.746,94.3611,61.3414,6.297,0.0,9.1129,18.978,0.0,41.2695,5.6389,11.6757,41.2695,85.0228,NORMAL
377.0,28.7633,69.8615,46.231,57.8741,1.6854,74.4535,0.95,47.3273,73.3836,92.7818,4.0993,87.1151,69.0311,5.4224,0.0,6.7416,28.3733,0.0,28.8326,12.8849,11.5615,28.8326,86.1319,NORMAL
378.0,33.6394,69.8634,47.1694,56.9682,2.2288,76.1737,0.95,44.2264,75.0632,89.503,3.9524,92.2329,69.1531,7.0206,0.0,8.9151,24.0146,0.0,26.0069,7.7671,10.2109,26.0069,87.7085,NORMAL
379.0,30.63,68.7195,49.4262,56.8152,2.0082,73.0997,0.9373,45.3107,76.2409,94.1133,3.8377,90.6746,67.0361,6.0636,0.0,8.0328,18.7313,0.0,23.8028,9.3254,9.1028,23.8028,88.993,NORMAL
380.0,31.353,67.6976,48.1814,55.6064,1.8488,79.4257,0.8777,40.7578,72.0727,89.907,4.3995,91.8007,72.8437,6.582,0.0,7.3954,6.1083,0.0,34.6056,8.1993,8.6943,34.6056,88.5373,NORMAL
381.0,33.0219,67.4486,49.3697,57.6385,3.2751,71.3522,0.9068,45.0882,70.3437,91.8461,3.6091,92.6843,64.3296,7.0226,0.0,13.1002,12.206,0.0,19.4067,7.3157,8.0409,19.4067,90.4066,NORMAL
382.0,28.9878,69.1983,48.5641,54.7786,2.6228,74.6516,0.95,45.4491,74.2911,88.1442,4.0038,88.076,69.16,5.4916,0.0,10.4912,28.417,0.0,26.9963,11.924,11.7963,28.417,85.9303,NORMAL
383.0,29.5771,69.2741,48.8838,57.8978,2.6709,73.8787,0.9475,44.6269,73.0432,87.3307,4.858,91.5351,68.1935,5.6852,0.0,10.6834,13.0394,0.0,43.423,8.4649,11.7356,43.423,84.7906,NORMAL
384.0,29.2416,70.3964,47.3532,55.8134,2.3609,73.6557,0.9368,47.1665,66.5328,92.1172,4.5761,90.3807,68.0354,5.6204,1.1326,9.4438,14.4567,0.0,38.0017,9.6193,11.2124,38.0017,85.7475,NORMAL
385.0,30.5799,70.2026,48.6192,57.4144,2.4222,73.5677,0.95,46.8938,73.4299,89.8489,4.0217,90.623,67.5729,5.9948,0.579,9.6888,11.6943,0.0,27.3402,9.377,9.0051,27.3402,88.8077,NORMAL
386.0,32.5681,68.7535,48.7864,57.2966,2.934,74.1697,0.95,42.6588,68.526,87.3762,4.316,90.978,67.5171,6.6526,0.0,11.7362,8.9556,0.0,32.9995,9.022,9.7011,32.9995,87.659,NORMAL
387.0,32.9977,67.447,47.5938,58.6394,2.4854,76.3137,0.95,47.781,69.0962,92.5344,4.3855,92.3608,69.5147,6.7991,0.0,9.9418,3.1215,0.0,34.3368,7.6392,8.5689,34.3368,88.6841,NORMAL
388.0,33.0093,68.5834,48.5979,57.3447,2.7388,77.8084,0.9495,45.6671,76.8749,95.6376,4.0901,91.2596,71.003,6.8054,0.0,10.9552,0.6275,0.0,28.6566,8.7404,7.5904,28.6566,90.1171,NORMAL
389.0,31.0474,69.2517,48.5846,56.882,2.4118,73.5577,0.95,48.6701,77.0332,94.2485,4.4827,93.6079,67.4112,6.1465,0.0,9.6472,18.3913,0.0,36.2063,6.3921,10.9588,36.2063,86.1447,NORMAL
390.0,30.2341,68.7717,47.5605,57.1215,2.346,75.8839,0.95,45.311,69.3224,90.9692,4.3872,90.9667,70.0001,5.8837,0.0,9.3841,19.935,0.0,34.3688,9.0333,11.1686,34.3688,86.0819,NORMAL
391.0,34.0233,68.3422,47.024,58.9524,1.8669,71.1904,0.95,48.1118,70.8049,91.607,4.2367,88.8716,64.0356,7.1548,0.0,7.4676,14.0635,0.0,31.4746,11.1284,9.7504,31.4746,87.7317,NORMAL
392.0,33.797,69.3591,46.9475,58.2664,1.61,75.4358,0.95,47.6635,72.1092,93.4212,4.4047,89.6101,68.3602,7.0756,0.0,6.4401,4.3857,0.0,34.7061,10.3899,8.5524,34.7061,88.6711,NORMAL
393.0,35.6373,68.4692,48.0692,57.3943,2.3823,70.679,0.95,49.0152,76.7573,93.7202,3.9665,90.0721,62.9466,7.7323,0.0,9.5292,9.1793,0.0,26.2792,9.9279,8.3929,26.2792,89.5048,NORMAL
394.0,36.5347,68.337,48.2631,57.5926,2.5254,76.0489,0.95,48.8386,70.0092,90.7573,4.2158,87.4588,67.9861,8.0628,0.0,10.1017,7.4224,0.0,31.0739,12.5412,9.3074,31.0739,88.2067,NORMAL
395.0,36.3191,69.4795,47.2323,56.3103,1.9212,79.206,0.9204,48.26,70.3001,91.6457,3.9914,90.9888,71.0474,8.1586,0.0,7.685,0.9309,0.0,26.7568,9.0112,6.8085,26.7568,91.051,NORMAL
396.0,37.7735,68.6369,47.9458,58.3135,2.4845,71.9905,0.95,45.8799,77.3766,92.0546,3.6663,92.2607,63.4606,8.5299,0.0,9.9379,10.4017,0.0,20.5065,7.7393,7.4595,20.5065,90.9,NORMAL
397.0,37.6187,69.4241,48.411,56.212,2.5242,65.5475,0.9456,46.1811,71.4796,92.5524,4.0175,90.4716,57.0492,8.4983,0.0,10.0968,2.6407,0.0,27.2591,9.5284,7.6174,27.2591,90.2019,NORMAL
398.0,38.6273,69.4694,48.429,58.7696,1.5298,70.2355,0.8783,48.1518,73.9428,91.3973,3.995,91.4383,60.8724,9.3631,0.0,6.1192,8.0088,0.0,26.827,8.5617,7.5613,26.827,90.2925,NORMAL
399.0,37.4797,67.783,49.2439,58.1916,2.0882,75.3164,0.8894,49.488,66.7836,91.3004,4.6368,89.0947,66.5021,8.8143,0.0,8.3528,7.8009,0.0,39.1698,10.9053,10.1659,39.1698,86.7005,NORMAL
400.0,38.7839,68.5799,48.9705,60.4943,2.6833,73.0078,0.9221,48.4739,71.1273,94.1693,4.0146,91.2007,63.8989,9.1089,0.0,10.7331,4.6956,0.0,27.2035,8.7993,7.9374,27.2035,89.8863,NORMAL
401.0,39.863,70.8883,46.8936,57.0507,2.6742,71.8103,0.95,51.1275,65.5477,93.8307,3.9124,91.0131,62.4638,9.3465,2.5381,10.6967,7.4347,0.0,25.2381,8.9869,8.507,25.2381,89.4739,NORMAL
402.0,41.2664,67.7725,49.283,58.0909,1.9808,73.7922,0.95,49.5062,68.0411,92.519,4.2561,89.5262,63.8768,9.9153,0.0,7.9234,13.9804,0.0,31.8475,10.4738,9.7965,31.8475,87.6557,NORMAL
403.0,40.0701,66.6294,47.2625,60.0337,2.5713,71.9101,0.95,48.3231,74.2219,94.8725,4.037,88.2847,62.4806,9.4295,0.0,10.2852,5.4527,0.0,27.6354,11.7153,8.3939,27.6354,89.3953,NORMAL
404.0,41.824,66.9361,48.6529,59.4678,2.9601,73.7888,0.95,49.8861,70.8981,90.5759,4.3318,91.2359,63.643,10.1458,0.0,11.8403,14.1149,0.0,33.3041,8.7641,10.5104,33.3041,86.8252,NORMAL
405.0,41.1607,69.2045,47.7454,57.6203,2.8497,72.5617,0.911,51.0841,69.5874,94.619,4.7697,87.7986,62.3896,10.1721,0.0,11.3987,5.0702,0.0,41.7252,12.2014,10.8385,41.7252,85.8235,NORMAL
406.0,41.769,69.2044,47.2846,58.5797,2.4571,74.0256,0.9475,51.473,68.1351,92.5445,4.4352,89.0191,63.8834,10.1423,0.0,9.8285,6.3156,0.0,35.2914,10.9809,9.5825,35.2914,87.5942,NORMAL
407.0,43.4551,69.0224,45.9995,58.3961,2.2894,70.1838,0.95,54.7715,68.334,98.0384,4.7296,88.0038,59.3488,10.835,0.0,9.1576,16.6671,0.0,40.9539,11.9962,12.049,40.9539,84.6747,NORMAL
408.0,39.8209,70.6152,47.4426,58.7136,2.2168,71.4603,0.9246,49.8693,71.9583,89.1273,4.4693,86.2136,61.9499,9.5104,1.7577,8.8672,22.4193,0.0,35.9486,13.7864,12.5928,35.9486,84.5313,NORMAL
409.0,41.0692,65.9439,46.1638,57.7695,2.7105,67.451,0.9466,51.2532,73.4224,90.025,4.4465,89.4289,57.5917,9.8592,0.0,10.8421,9.1113,0.0,35.5096,10.5711,10.1599,35.5096,86.9993,NORMAL
410.0,41.0366,69.618,48.4077,58.4145,2.5878,66.1871,0.8969,52.4461,62.0972,92.2683,4.6503,86.6552,55.9532,10.2339,0.0,10.3512,6.5657,0.0,39.4289,13.3448,10.6546,39.4289,86.1911,NORMAL
411.0,40.0262,71.0068,48.8718,56.9405,2.7832,72.7227,0.95,51.7414,67.7733,92.1822,4.5935,85.431,63.3108,9.4118,2.8765,11.1329,16.5234,0.0,38.3372,14.569,12.7711,38.3372,84.1619,NORMAL
412.0,42.4794,67.7683,46.7587,58.7076,2.5593,67.8542,0.9226,50.9821,71.0648,95.3372,4.1878,88.9686,57.2122,10.642,0.0,10.2374,10.4664,0.0,30.5348,11.0314,9.5197,30.5348,88.0376,NORMAL
413.0,44.5687,68.653,47.7168,59.0554,2.8684,69.2163,0.95,49.0805,71.0896,90.0322,4.4769,91.076,57.8982,11.3181,0.0,11.4738,15.0037,0.0,36.0935,8.924,11.0469,36.0935,86.0656,NORMAL
414.0,43.1675,68.191,46.7609,58.4099,2.5426,66.7624,0.9401,51.3536,71.6416,93.2505,4.3675,90.9632,55.9693,10.7931,0.0,10.1703,5.4368,0.0,33.9897,9.0368,9.0672,33.9897,88.2136,NORMAL
415.0,43.8483,68.0055,46.8167,57.0533,2.8531,64.2151,0.95,50.4248,71.6242,93.6972,4.1561,90.7616,53.2107,11.0044,0.0,11.4124,4.4187,0.0,29.9257,9.2384,8.4996,29.9257,89.1063,NORMAL
416.0,45.0619,68.6699,48.0478,59.687,2.8919,65.5856,0.9374,49.3164,70.3725,92.7731,4.6057,92.8873,53.9375,11.6481,0.0,11.5675,11.5219,0.0,38.5708,7.1127,10.7196,38.5708,86.1947,NORMAL
417.0,45.3249,70.7558,47.2842,59.0921,2.138,69.4337,0.937,51.3763,68.8414,89.6077,4.7289,88.1531,57.6641,11.7697,2.1594,8.5519,8.9756,0.0,40.9412,11.8469,11.1611,40.9412,85.5636,NORMAL
418.0,43.2654,71.2276,48.8526,58.0297,1.6863,66.3603,0.9193,51.072,69.8133,94.4445,4.334,88.9986,55.3482,11.0121,3.5074,6.7453,11.0779,0.0,33.3457,11.0014,10.0952,33.3457,87.2372,NORMAL
419.0,45.1242,68.5981,46.8208,58.5024,3.1946,59.1253,0.9393,54.5327,72.5425,93.7558,4.5468,86.605,47.4666,11.6588,0.0,12.7783,11.2547,0.0,37.4386,13.395,11.4581,37.4386,85.5468,NORMAL
